0.3527920661828826, 0.3960830345251751, 1, 1
0.23372980907561816, 0.1857311645077462, 3, 1
0.21510832578760292, 0.21201754275360069, 1, 1
0.2945937692453037, 0.36965993306766204, 12, 1
0.36771522093574616, 0.3765706420551538, 1, 1
0.24635687759348976, 0.3423316809970559, 2, 1
0.2830210625704743, 0.36794477672143916, 8, 1
0.3675908578472362, 0.4951199260818201, 2, 1
0.31416440471742496, 0.4609726982431982, 5, 1
0.328556332245767, 0.42788126026023615, 3, 1
0.2990294746908857, 0.35487707257717893, 9, 1
0.29061222173236584, 0.3344081193020219, 8, 1
0.3124270834323227, 0.2725234338267908, 4, 1
0.32123791234124766, 0.534428082366736, 2, 1
0.3191578605211771, 0.300951775910605, 3, 1
0.3000439405520164, 0.38292528555501376, 9, 1
0.2723541455754168, 0.3604929898157526, 9, 1
0.26892839830986387, 0.2240740075255447, 2, 1
0.26681760117316566, 0.3997470269258879, 3, 1
0.22837447191204666, 0.23369758283035566, 4, 1
0.2632521664110812, 0.3519326596265822, 2, 1
0.2620638021274097, 0.29153358070276186, 3, 1
0.2754533499528705, 0.34860161294339925, 9, 1
0.2848629629707027, 0.32822374254402614, 7, 1
0.27492129702838924, 0.3096720083722036, 10, 1
0.29881962006705265, 0.4880826356785783, 2, 1
0.31452870500526153, 0.34108617526843066, 5, 1
0.33915048187338837, 0.3415158023430127, 3, 1
0.3580026584436546, 0.5245996067730202, 1, 1
0.3253366709431665, 0.3307977536430724, 4, 1
0.23750229166453746, 0.3151437160415041, 2, 1
0.2605748061662256, 0.22155055010022143, 3, 1
0.28970837872607336, 0.36246275622830704, 4, 1
0.24176499227356085, 0.28045039604943883, 2, 1
0.32005199570453713, 0.3169050923034446, 2, 1
0.2671069507739427, 0.2987560222551654, 6, 1
0.28258187919996514, 0.4087388416521513, 2, 1
0.2923174617851859, 0.4680182669673973, 1, 1
0.33837247517069646, 0.3887204098947178, 2, 1
0.27330570362930096, 0.25968368294734767, 6, 1
0.22954919083340666, 0.29680669500782164, 2, 1
0.3146245466815072, 0.40004918837470355, 6, 1
0.2969678186915368, 0.3147583965677445, 12, 1
0.32853409108209236, 0.4198641369837681, 5, 1
0.20846035148608405, 0.26958478983086204, 1, 1
0.31202089098257696, 0.37784291769129874, 4, 1
0.28740691350600583, 0.4051234399863826, 2, 1
0.2962790606818164, 0.4041695340696286, 3, 1
0.23672111484950803, 0.38555711496186595, 1, 1
0.2936860790397481, 0.423382023561559, 6, 1
0.23959617950390502, 0.29904696277557086, 2, 1
0.27338800111739153, 0.3821667703485385, 7, 1
0.24542349483307233, 0.29533792901670847, 3, 1
0.31801607268544296, 0.40668794599569075, 8, 1
0.32775405699350707, 0.4346242595592468, 7, 1
0.2541633032554236, 0.1968466651809814, 4, 1
0.30792297541022157, 0.3963205521645082, 4, 1
0.272476562398326, 0.3951030636742422, 2, 1
0.3063456264089602, 0.3559257625463461, 7, 1
0.30268313159286936, 0.4079614400849465, 4, 1
0.3376553482042242, 0.4251947955852297, 4, 1
0.2829093053550106, 0.4381047080616764, 4, 1
0.238914690348658, 0.2877516691631623, 6, 1
0.32323440886632865, 0.42813707713484417, 6, 1
0.291774818926267, 0.31753475423788996, 7, 1
0.2689251833780977, 0.19974648907676226, 3, 1
0.2825607262295939, 0.2797045984876161, 7, 1
0.26403175214796804, 0.1939074784472565, 1, 1
0.2587352077271661, 0.299653066746594, 7, 1
0.24143339557932744, 0.2634881373646459, 3, 1
0.24594129350557392, 0.24610894854538976, 6, 1
0.28411599258070735, 0.3779869524372551, 7, 1
0.2186696042624161, 0.2386776930593676, 1, 1
0.3431381836611725, 0.5194897013190066, 3, 1
0.30606615444404106, 0.4860250516494342, 3, 1
0.32065042682609785, 0.38728801329955614, 8, 1
0.2649152241828498, 0.20655712195211617, 5, 1
0.30057785611941046, 0.39993398291604415, 6, 1
0.31409587813825063, 0.4912788204762552, 5, 1
0.2924764053063838, 0.24402789773083333, 2, 1
0.2571431268515205, 0.1069932256372707, 1, 1
0.3188879492810903, 0.4550881913156294, 2, 1
0.291962189390938, 0.3285754907498352, 4, 1
0.2138670790996269, 0.1566922600369681, 3, 1
0.2466969366576116, 0.3530961657513102, 1, 1
0.2683562932936468, 0.26284738147692643, 5, 1
0.32659894813531126, 0.5439063854881425, 2, 1
0.28694096097380795, 0.3417179545959923, 7, 1
0.3016135964058652, 0.44369018660719456, 2, 1
0.2487666026090375, 0.10243648980323268, 2, 1
0.23877462577859915, 0.23858682830708444, 5, 1
0.20735800989941466, 0.008013020741489907, 1, 1
0.361804458123862, 0.4755907824276944, 3, 1
0.2993151572384396, 0.36031045335483697, 5, 1
0.27934857786626566, 0.46568412697756323, 1, 1
0.33756502593393317, 0.4626576972177197, 6, 1
0.3185430178109522, 0.44876054769454327, 5, 1
0.24521816710988686, 0.16717997726220468, 2, 1
0.22940079185200324, 0.2708065828929284, 1, 1
0.2889313536597991, 0.2399938982097149, 2, 1
0.35237205940131316, 0.3449143514555464, 3, 1
0.2805804950472229, 0.31364508610822667, 9, 1
0.28326241994624834, 0.348349094172313, 8, 1
0.31244515629741904, 0.41171953762463154, 9, 1
0.2842128145643545, 0.42832864863420483, 2, 1
0.372316175390609, 0.46115276694713303, 1, 1
0.3382218857549584, 0.47525939128865846, 6, 1
0.29408116801411016, 0.30255432452094394, 6, 1
0.2685343772296615, 0.2826925834680023, 2, 1
0.24089843828256885, 0.15662946192162652, 3, 1
0.31749818994427637, 0.26529495402947384, 2, 1
0.2594544890505046, 0.3294156775247288, 4, 1
0.237003636988819, 0.17905840403160037, 2, 1
0.3485965648462575, 0.4445286441323078, 2, 1
0.3273193291891571, 0.4058815481149429, 3, 1
0.19930115671955123, 0.1811095680938014, 1, 1
0.298258123319351, 0.37593551520127516, 6, 1
0.2564137747220357, 0.2929836892552625, 8, 1
0.3588967405865233, 0.4110635521274299, 1, 1
0.3479759368185349, 0.5005338060794855, 4, 1
0.272537932921367, 0.36897277645402643, 6, 1
0.2632688506984079, 0.33413686297616296, 8, 1
0.3078552648387711, 0.3284363416293423, 5, 1
0.31843252887211965, 0.3674349715979522, 8, 1
0.32532175180747036, 0.3618176816346417, 3, 1
0.2955106080422031, 0.28554001911778765, 9, 1
0.2838783100758565, 0.2955125415557548, 13, 1
0.2882459958605188, 0.26465746502104137, 3, 1
0.3265685314417456, 0.4542094023558063, 5, 1
0.26088729072760125, 0.21130883101696676, 2, 1
0.2857127535098459, 0.21174849310092067, 2, 1
0.3113994748418341, 0.3166573451730949, 9, 1
0.27346579313258623, 0.1951595487989726, 2, 1
0.32542417211738894, 0.4007290468148851, 5, 1
0.3088895295802636, 0.4437829389164299, 7, 1
0.3432724390802707, 0.637296521205759, 1, 1
0.3383864501329739, 0.5569078644332234, 5, 1
0.29166052786734736, 0.3576587722000868, 2, 1
0.23415739994195725, 0.3084011062538353, 2, 1
0.2916647524212216, 0.3974625556573481, 4, 1
0.2381344798317663, 0.2225554380933139, 7, 1
0.27624146246356157, 0.27715822580404464, 5, 1
0.3040872059878192, 0.34259570764403885, 9, 1
0.24199006851938845, 0.3387386659409017, 2, 1
0.2888567218708677, 0.32274459271176204, 3, 1
0.34975251471212615, 0.42447385501085433, 2, 1
0.24650391911462338, 0.30751496796499955, 4, 1
0.3358415256131331, 0.3497367484357894, 2, 1
0.29957284223919844, 0.4123563331800423, 5, 1
0.2774373204250157, 0.2815448417819827, 7, 1
0.33249597160785954, 0.4850911915925032, 2, 1
0.2782596808910021, 0.3558101837592563, 5, 1
0.3483785885036204, 0.5460467120061964, 2, 1
0.30102259141068305, 0.4249289793650716, 7, 1
0.27279421668184467, 0.2713500324196998, 11, 1
0.21330335880547685, 0.2211151163016739, 1, 1
0.2956832189693989, 0.33711728569040467, 6, 1
0.28936048621227384, 0.38416045110669, 4, 1
0.31311869221824074, 0.3555929454076029, 3, 1
0.3049921354769386, 0.4615765099447373, 3, 1
0.29752494369524063, 0.4820195543190102, 4, 1
0.342102252881291, 0.3726494887160253, 3, 1
0.2711088079342333, 0.22964336801863605, 4, 1
0.2726261237194028, 0.24566929375979576, 6, 1
0.27898723521391305, 0.42210607200125877, 3, 1
0.24833264248394837, 0.21202119371620748, 4, 1
0.2763886258299944, 0.33974575815480246, 4, 1
0.240003159661321, 0.19498635768351438, 3, 1
0.29966246562108223, 0.324435805154744, 5, 1
0.30549880221131565, 0.20281498360680422, 1, 1
0.3097993511215923, 0.3389285420125406, 3, 1
0.35023985308063355, 0.4372092814047539, 2, 1
0.3705863275308908, 0.48213172145724964, 2, 1
0.29878969444116876, 0.30480159299660914, 9, 1
0.33285785776283894, 0.31819964395571465, 1, 1
0.3076700580080777, 0.42540234757870293, 5, 1
0.33677325138737213, 0.4356930747937689, 7, 1
0.25703338019383926, 0.28037669658275943, 4, 1
0.34293086819987967, 0.46257333471994144, 3, 1
0.32278318318540733, 0.36965743435067344, 2, 1
0.24722501923605056, 0.20149027268545502, 2, 1
0.31636242241508, 0.4402765440587385, 5, 1
0.37436774151075924, 0.5386723063155696, 3, 1
0.3664553130848095, 0.4852201106110784, 1, 1
0.2937865864710246, 0.25947279954701363, 3, 1
0.36892550026016935, 0.6136728223270913, 1, 1
0.2307157890101013, 0.12840739699232478, 3, 1
0.3198317619874538, 0.5566119930992777, 1, 1
0.2982905583193955, 0.4361791104144446, 5, 1
0.28284230504020924, 0.38863683493463846, 6, 1
0.3300337910993309, 0.3806175385911573, 3, 1
0.3350912740089903, 0.3992293228249906, 4, 1
0.2827863469915832, 0.3338669666413714, 3, 1
0.28121883700835076, 0.3214693758699419, 7, 1
0.2785440153861912, 0.22729167879756254, 3, 1
0.3061666298392128, 0.3647946442987533, 5, 1
0.27595528831086946, 0.3325166283593233, 9, 1
0.2714617241935926, 0.336102307484751, 4, 1
0.3742504026843888, 0.4432653969806499, 1, 1
0.2866721270622325, 0.19883473014883074, 3, 1
0.29863891824316147, 0.2762407653007031, 4, 1
0.30395006335680547, 0.24543617290440703, 1, 1
0.363896907055997, 0.3924948114702749, 1, 1
0.3438452675285496, 0.4957913859630332, 2, 1
0.29044002576118755, 0.35166844833377553, 6, 1
0.3500484148264905, 0.40652118139814547, 4, 1
0.32975256030717615, 0.334992894425133, 3, 1
0.22150480326690564, 0.4375469678267622, 1, 1
0.2524044887525667, 0.23430833101446524, 4, 1
0.327228843584214, 0.48355135116482306, 4, 1
0.29430719622503143, 0.32241747996779063, 5, 1
0.31847834060536806, 0.2329849166187552, 1, 1
0.2814908314924005, 0.15236369811018216, 2, 1
0.2677075645350727, 0.37864915024864093, 3, 1
0.2383067096276243, 0.3421545527531433, 2, 1
0.2550538706807477, 0.34928542524460754, 4, 1
0.3214375084067101, 0.282780415568652, 2, 1
0.3308602062043693, 0.446725982558981, 4, 1
0.289551051824047, 0.2759612053585321, 5, 1
0.22227056546467489, 0.08876739483941484, 2, 1
0.2673272027929851, 0.317091882636238, 6, 1
0.2788395787416251, 0.2506954629242668, 6, 1
0.33306544717399506, 0.3614306651766995, 4, 1
0.3084961074792901, 0.3341627436827243, 3, 1
0.30591442305438016, 0.41298688577591114, 9, 1
0.31259341961887027, 0.42669308541450535, 3, 1
0.269113243617545, 0.27607623891524696, 6, 1
0.34574415816211995, 0.41557518772678476, 4, 1
0.2578389102555293, 0.3580552879955892, 2, 1
0.31746862297041983, 0.3269544272678653, 6, 1
0.3244314848727355, 0.4391212390754261, 7, 1
0.26537483219429436, 0.3034216579903377, 4, 1
0.25098506213785254, 0.30260741396649826, 4, 1
0.23793987963242397, 0.27611940585333167, 3, 1
0.2668627797637909, 0.28967095064555043, 3, 1
0.31161902800209335, 0.2946009209113915, 2, 1
0.27153840115314715, 0.415918791955537, 4, 1
0.23318541836625925, 0.2280140391371264, 5, 1
0.38530190993682173, 0.594387593806976, 1, 1
0.23250069790236522, 0.3385046150476768, 2, 1
0.22568356080794677, 0.1691267487366378, 1, 1
0.26369462519541864, 0.3879622732372588, 4, 1
0.2806567712875292, 0.28677663373106893, 9, 1
0.245609771776056, 0.2773801908348238, 5, 1
0.3332643162016401, 0.4292336322408908, 2, 1
0.30655779627944607, 0.38832339513629227, 9, 1
0.2706237253747917, 0.17639431935056632, 1, 1
0.33597757869601985, 0.5024055953724196, 3, 1
0.2791972002518377, 0.2350252341306065, 6, 1
0.15362767255357151, 0.143144790534733, 1, 1
0.28444308355696063, 0.3050927386376942, 11, 1
0.21688130731104166, 0.2590319346676364, 1, 1
0.37598939748822324, 0.45571045159194995, 1, 1
0.24787712241469712, 0.3660141539343019, 1, 1
0.3156958920614249, 0.17056353489632603, 1, 1
0.30543004426038944, 0.38090965328956583, 3, 1
0.23206019581918008, 0.13964452246479303, 1, 1
0.23029664818049944, 0.35071484092874317, 1, 1
0.26395753211805567, 0.28116199671584124, 6, 1
0.2557492165767583, 0.2106048386710787, 4, 1
0.2131443623515791, 0.2517325543008512, 2, 1
0.28582015419923323, 0.2847532005443225, 4, 1
0.336183659639829, 0.33375865835713747, 2, 1
0.2652815227650188, 0.22791243507335232, 4, 1
0.2833454016805522, 0.25341194042716403, 2, 1
0.2816950331531148, 0.448400205235561, 2, 1
0.32001049143633964, 0.3600309863085342, 6, 1
0.2885939097234715, 0.1693900168039456, 1, 1
0.2943845953340939, 0.44644757059893375, 2, 1
0.26834568051520935, 0.45289940676996615, 1, 1
0.2578559767341122, 0.2028522284244136, 5, 1
0.29752159859136423, 0.3952764110037307, 3, 1
0.25106509142533573, 0.3146240844178783, 2, 1
0.18827233094499457, 0.2994238531633869, 1, 1
0.3374330235330305, 0.45168171227170495, 2, 1
0.30332845510511713, 0.3501632962484777, 7, 1
0.33085847852511197, 0.34307222075636046, 1, 1
0.278509262706413, 0.38053254192247626, 7, 1
0.30060545124088217, 0.329989531306396, 7, 1
0.3035249559163282, 0.31713404185211225, 4, 1
0.3617107937386793, 0.4440162781227549, 1, 1
0.311335322403534, 0.28662405508976174, 5, 1
0.22431327418403224, 0.26307621565808137, 2, 1
0.2936744470753731, 0.34196521466990926, 7, 1
0.2844162443173272, 0.4141442775227131, 3, 1
0.27539205676595147, 0.43360622255469505, 1, 1
0.3312263921461169, 0.5195066844632114, 4, 1
0.31714305744846705, 0.3506056863801424, 5, 1
0.30791875746144215, 0.5089441877661668, 3, 1
0.31537927960627987, 0.3319694636363116, 3, 1
0.25143953558531895, 0.2877931454108143, 2, 1
0.2746219366441876, 0.3248627720563508, 5, 1
0.3237913744048142, 0.2679758903955509, 1, 1
0.3138754286851527, 0.4317912813870934, 1, 1
0.24262024040077146, 0.08589059766599488, 1, 1
0.220957582284671, 0.29062142605542796, 1, 1
0.3174457043003136, 0.4967728724428345, 1, 1
0.24733519871469634, 0.22375292557603726, 3, 1
0.3123860862234417, 0.4557855247504695, 4, 1
0.26516054220816904, 0.24705130718854132, 4, 1
0.36748338852486045, 0.47622647428479714, 1, 1
0.3066979641221418, 0.4664558772775629, 1, 1
0.22552729584927034, 0.18914964666708706, 6, 1
0.35291679661328795, 0.48852829405910403, 2, 1
0.2713279590901329, 0.3446171013641163, 6, 1
0.3574826179029317, 0.38776907129125954, 2, 1
0.3136762535353756, 0.3724006663300316, 5, 1
0.2917803168029132, 0.41503420273642905, 4, 1
0.3065553806875718, 0.4040361943833988, 3, 1
0.39819775080174724, 0.5285556638123967, 1, 1
0.27036592861890063, 0.23669830457223617, 8, 1
0.32470984058100016, 0.39082967440755306, 4, 1
0.2581003927618811, 0.3077829085590357, 5, 1
0.3983041057860086, 0.5621417020448413, 1, 1
0.2050589604348113, 0.2158311111318848, 2, 1
0.3510720742720531, 0.3664921342516512, 2, 1
0.24367049249543052, 0.256145729426922, 2, 1
0.33315131756271527, 0.414178237030617, 5, 1
0.2442077762255453, 0.233378018075053, 2, 1
0.26796111356920244, 0.18684000580337612, 3, 1
0.37031948431711587, 0.5315005030488348, 1, 1
0.2631753741016059, 0.49716002427091244, 1, 1
0.31511406429269967, 0.2567814281059793, 2, 1
0.26603195141089403, 0.21524007306051904, 4, 1
0.21854892525875336, 0.33328433593403484, 1, 1
0.22982813064801394, 0.17503172007011955, 2, 1
0.33699215236734475, 0.3554001577469222, 3, 1
0.25354508909134005, 0.3797244620921075, 3, 1
0.32075399415232964, 0.3772463929355595, 9, 1
0.27515591782355087, 0.2939066332929187, 6, 1
0.2530576258947016, 0.13502348790868343, 2, 1
0.2790438614751421, 0.3635375372257751, 4, 1
0.3166317455434797, 0.38107813894666515, 5, 1
0.3483013402347198, 0.4705388481386455, 2, 1
0.27353376751021785, 0.11390145005645064, 1, 1
0.24087967095624904, 0.3822271419360999, 2, 1
0.3031909009141797, 0.37517294983634725, 8, 1
0.30764260430634416, 0.3051955697102469, 2, 1
0.33167080858914433, 0.47234428415516583, 4, 1
0.2715109948154195, 0.3036276781788348, 4, 1
0.25363595028723607, 0.17480332613011762, 1, 1
0.2956196530011203, 0.4305313080262674, 2, 1
0.3865044269288856, 0.4033549213809399, 1, 1
0.3620852887147155, 0.4660725269852897, 5, 1
0.24517798893212736, 0.2847482249395156, 4, 1
0.2727445470711636, 0.3147392321913988, 8, 1
0.3044833717457176, 0.5328587886849946, 1, 1
0.34920232680918195, 0.534115075964466, 2, 1
0.236963901557189, 0.13776754911449693, 2, 1
0.2698145275322578, 0.2511467359608079, 4, 1
0.28118216663515727, 0.24546573352019596, 3, 1
0.32475516916809744, 0.3837551706062888, 6, 1
0.2530867345171664, 0.41021931321429966, 1, 1
0.3562655629908913, 0.3998142391883119, 2, 1
0.3137788054679992, 0.39024581782982054, 8, 1
0.30111021677464694, 0.3652302727357465, 3, 1
0.28988322250013143, 0.4350426882598777, 1, 1
0.28104375256022507, 0.34226433142293783, 7, 1
0.30258960164761106, 0.3951267997888669, 3, 1
0.26811371445636273, 0.25732842454750565, 2, 1
0.20050728696394932, 0.024698939982912838, 1, 1
0.31872327412364243, 0.3117762072806508, 2, 1
0.2587469733682085, 0.2437445388446674, 6, 1
0.2849578558268685, 0.3940118471597646, 3, 1
0.2851604094019249, 0.20588105194980355, 1, 1
0.28894289570094267, 0.1940450814922537, 1, 1
0.3017779965198342, 0.28859181679275414, 4, 1
0.3435631681097756, 0.5127603840572383, 1, 1
0.3211099165628168, 0.3959361522672833, 8, 1
0.3336281482997901, 0.4089783387485904, 6, 1
0.36423439135844693, 0.3704163027202906, 1, 1
0.3132579281388204, 0.32189187686319953, 3, 1
0.3283510357894953, 0.28458006233301575, 2, 1
0.25977250484037495, 0.39740711074821566, 5, 1
0.3503202342092967, 0.35933278847159805, 2, 1
0.2790671085172963, 0.19326866367462076, 3, 1
0.2336052660351305, 0.2131165669403695, 1, 1
0.24652015110484246, 0.1909667022500223, 3, 1
0.33605666846859317, 0.37606892867215413, 3, 1
0.21135023044694146, 0.2777799408025673, 1, 1
0.23611528768770285, 0.2657291199637936, 2, 1
0.28120015534253157, 0.29963010301564763, 7, 1
0.3012589395826701, 0.26996884554474265, 3, 1
0.292455347485997, 0.17806543990940638, 2, 1
0.22142435659411305, 0.13725867046333726, 2, 1
0.27859800139882596, 0.39239049416526456, 2, 1
0.2755479633172296, 0.3189883455439856, 5, 1
0.24131040913412358, 0.20620459347090725, 3, 1
0.24179318420188778, 0.3038377900119174, 2, 1
0.19832278002184323, 0.14899237351437078, 1, 1
0.2559285967897188, 0.2663756147483762, 3, 1
0.3484350361877814, 0.46185712801922885, 1, 1
0.2840977502231552, 0.355518387336973, 8, 1
0.3054840173646694, 0.3010151070918906, 3, 1
0.24183330612101162, 0.2920995851331914, 2, 1
0.36433589623408746, 0.4005949595792288, 1, 1
0.3430036221384852, 0.4326709202086684, 5, 1
0.2794055718876971, 0.2613307249188351, 2, 1
0.31091267072346473, 0.36691255249963783, 4, 1
0.31348438390965877, 0.44791797863092314, 6, 1
0.35446780506530745, 0.4469115432484505, 3, 1
0.2263441194795473, 0.21152854693690626, 1, 1
0.27775590738839795, 0.30528436940636794, 7, 1
0.31908202564015087, 0.42350490297306814, 3, 1
0.22584689937434782, 0.3331020187412006, 1, 1
0.24607032781181026, 0.21744916873141026, 4, 1
0.31134666445949966, 0.4206812986824652, 3, 1
0.2587416070586533, 0.18841394414683435, 2, 1
0.32794252113782213, 0.35094682901654073, 2, 1
0.24525536881120097, 0.17947207201332227, 1, 1
0.367647079659171, 0.4315981421782034, 1, 1
0.3343559011510064, 0.36804115518621766, 8, 1
0.32757271562684276, 0.5084156678327612, 1, 1
0.27828236881600626, 0.37501596123969416, 4, 1
0.3130076604351247, 0.40615671692295613, 3, 1
0.21915455599732125, 0.227251811399925, 1, 1
0.2922471480826685, 0.29223662121038546, 4, 1
0.20417243707477306, 0.22064949182687987, 1, 1
0.25394446821761024, 0.39782298813298117, 2, 1
0.26856295231950367, 0.3509401308820415, 4, 1
0.35547273638911936, 0.4733054814466443, 3, 1
0.2549660884317822, 0.31800452427282166, 8, 1
0.28689144262285987, 0.223223840186878, 3, 1
0.2802875771485479, 0.20051329419198338, 1, 1
0.3648757261242551, 0.48035097275202726, 1, 1
0.23382524051702175, 0.1914575810936877, 1, 1
0.29383792310156587, 0.1556008384195629, 1, 1
0.25823518517522503, 0.48028435634493766, 1, 1
0.19975692931390682, 0.2035023647436267, 1, 1
0.3104954413894134, 0.21235336039862257, 1, 1
0.3047994980255746, 0.25209659120997246, 3, 1
0.2572121743051707, 0.427032380237957, 1, 1
0.3050481503110266, 0.2262509807374002, 2, 1
0.30072401908805857, 0.256042710066466, 2, 1
0.3130632297694697, 0.5301006442038468, 2, 1
0.3548963370903475, 0.45905475620534364, 1, 1
0.2600778910042784, 0.41261274916188584, 1, 1
0.22493259591294038, 0.2739683607645039, 2, 1
0.3333433983815848, 0.3936104655981877, 1, 1
0.296972366053107, 0.22899433814962578, 2, 1
0.30649336030578933, 0.2635736641326564, 3, 1
0.2573691224685504, 0.15496123942807874, 2, 1
0.2583624742517431, 0.3666765623917656, 3, 1
0.3476240095556852, 0.4530759676592711, 2, 1
0.25658114676743293, 0.18148303126351842, 2, 1
0.272589342281814, 0.4692813286908736, 1, 1
0.31165081430833147, 0.2791690906702692, 2, 1
0.29265103866623093, 0.3109321488306645, 7, 1
0.3156072304234708, 0.48022629156358143, 3, 1
0.25046248156674944, 0.3239451431465293, 2, 1
0.34272176510165325, 0.42367815007598425, 3, 1
0.2460350127844471, 0.3194921383383583, 2, 1
0.2588960333039751, 0.2514599003121233, 4, 1
0.2427435699490082, 0.2718596186297607, 2, 1
0.3178985927431996, 0.27539070037306257, 3, 1
0.2665136531040379, 0.410988790116593, 4, 1
0.2856514796031643, 0.42296868014740163, 3, 1
0.3555026578148237, 0.5365362417641077, 1, 1
0.3090545611763529, 0.25893210404831835, 1, 1
0.23687179769556616, 0.15112354817483847, 2, 1
0.230777842003638, 0.2180260986809518, 1, 1
0.2728985374740927, 0.3556042463563241, 1, 1
0.24868324935878344, 0.14755297002491277, 3, 1
0.325622684077186, 0.29710607018420915, 1, 1
0.335940437240913, 0.32292648258295054, 2, 1
0.2719303283868144, 0.4016772290823999, 4, 1
0.1941874854683978, 0.11588097318134605, 1, 1
0.27860465047351707, 0.18822998845446293, 2, 1
0.25907881564672475, 0.23711154974315865, 6, 1
0.30552923190306025, 0.2811945311709069, 2, 1
0.3262344051176035, 0.5279980155756797, 2, 1
0.2342063934287663, 0.2589650961390976, 4, 1
0.3566428059869361, 0.50489166001097, 1, 1
0.2957340805306353, 0.36367328106108177, 3, 1
0.28397032797173816, 0.36246352740706717, 5, 1
0.29741588696478294, 0.4680274863312599, 2, 1
0.2826592424503895, 0.26958403377072715, 3, 1
0.22486151140067817, 0.15721602008324417, 3, 1
0.35718211497329505, 0.49102910863230637, 3, 1
0.3519410195428252, 0.4974466528635942, 1, 1
0.3106713791445826, 0.35134737297531216, 2, 1
0.22721618509451272, 0.2878129686168804, 2, 1
0.2161059122087533, 0.24526242678970067, 1, 1
0.2622542964143388, 0.3608474188375798, 3, 1
0.1771259611131758, 0.13758471105155257, 1, 1
0.20136136927358023, 0.11611988330908574, 1, 1
0.3534505932550396, 0.4675810589604369, 1, 1
0.2950167348738557, 0.21208232091700602, 1, 1
0.3191851569223366, 0.4683977226136066, 5, 1
0.2621640644205375, 0.2555972011567854, 2, 1
0.36112946990586076, 0.5071637974318554, 1, 1
0.28616273949929627, 0.48608387348167165, 1, 1
0.2361020218230231, 0.32997549860111575, 1, 1
0.3317781027105986, 0.5474168258710542, 2, 1
0.26406777972932205, 0.3417210737632007, 4, 1
0.3341500279112818, 0.38369038844629144, 2, 1
0.29092075978255283, 0.37824258334696675, 6, 1
0.292323300483748, 0.3918929043261718, 1, 1
0.2130938979260219, 0.28393811367186544, 1, 1
0.3081562631237933, 0.26947109362906674, 1, 1
0.35984367139703793, 0.45982349732464345, 1, 1
0.2518139416208285, 0.2734416427815304, 5, 1
0.2474820695506934, 0.15866195406612005, 1, 1
0.25089182029822604, 0.3375240770042399, 3, 1
0.22739144262986305, 0.2584233217545194, 4, 1
0.39570579188506494, 0.5694584383367073, 1, 1
0.21556837920921812, 0.1244756557548709, 1, 1
0.30425799009016885, 0.5014793007200387, 1, 1
0.37513554901290663, 0.5680757551622336, 1, 1
0.32002663165332257, 0.33550056135052136, 2, 1
0.3021547769309545, 0.22111394173384613, 1, 1
0.24885573570478575, 0.38561078765991125, 1, 1
0.28460792695562054, 0.45399241204432794, 1, 1
0.27864919788791986, 0.39896971154623995, 2, 1
0.22291144299179783, 0.23510685698088668, 1, 1
0.27679750334438646, 0.40899309314511856, 3, 1
0.3408142881552373, 0.4452953945840701, 1, 1
0.30303001247082395, 0.4185675524895201, 1, 1
0.2765455420085179, 0.21535446511601783, 5, 1
0.33096350205447994, 0.4785613190284419, 2, 1
0.26560879234623774, 0.40488668122668947, 1, 1
0.29579975851278395, 0.3875430268194714, 1, 1
0.3576654463436695, 0.529966698475537, 1, 1
0.2936604528786042, 0.4530017591686278, 2, 1
0.29043495276899023, 0.4628213562820458, 1, 1
0.2942739290286269, 0.27939730288754355, 2, 1
0.32225416976865595, 0.41573309598889185, 3, 1
0.28703908702281755, 0.1748800329889867, 1, 1
0.22237687572859738, 0.2691752035263403, 1, 1
0.24775621409116572, 0.2653458968109122, 3, 1
0.238656282995668, 0.21414371607245106, 2, 1
0.3284800198854858, 0.36856970612809326, 4, 1
0.3216802938983316, 0.47645576778715093, 3, 1
0.29603643994566475, 0.5110738737997652, 1, 1
0.23733922823151954, 0.12570367469777194, 1, 1
0.23696080048644044, 0.23381009987827653, 1, 1
0.3088602767720159, 0.4782643466722741, 3, 1
0.3287245171918319, 0.5361457924308047, 2, 1
0.3215264610910158, 0.3474554240028185, 2, 1
0.33936404428374095, 0.38304918870759186, 2, 1
0.3364612243767163, 0.5400022161027236, 1, 1
0.24473480177437418, 0.1861920127283742, 1, 1
0.26525135567927327, 0.2721753066260154, 5, 1
0.34818132715387273, 0.5062592959570248, 1, 1
0.25756093211287273, 0.16587406437887342, 1, 1
0.2982154059465527, 0.3475802295858691, 5, 1
0.3119635171601463, 0.3112457899985068, 2, 1
0.29900757809936424, 0.5244795739993211, 1, 1
0.25125577817084305, 0.2607632491771766, 3, 1
0.34884287000349035, 0.33192465504963686, 1, 1
0.3548666096675136, 0.6235207183948253, 1, 1
0.3406046590618404, 0.504145973741241, 2, 1
0.23415287240304328, 0.2537566214891717, 1, 1
0.3323404370529893, 0.45554230079007074, 4, 1
0.31775349372941614, 0.5175145805749709, 2, 1
0.21632172443278513, 0.19453167186066167, 1, 1
0.2040044148319501, 0.1988155125884134, 1, 1
0.34194129628177605, 0.40221154106565626, 2, 1
0.3082451351457534, 0.4331383689169591, 5, 1
0.29320147448500306, 0.40854090731774123, 1, 1
0.34522936150559735, 0.39853867404109083, 1, 1
0.20374915879142835, 0.27245596931206684, 1, 1
0.33964172391819963, 0.49064890204270584, 2, 1
0.243748792227358, 0.3320058284758175, 1, 1
0.26267634782149424, 0.43344516339936495, 1, 1
0.2522598654528974, 0.24441873047531515, 5, 1
0.34959186487825333, 0.4818564495569326, 3, 1
0.21639692479668754, 0.2791370625686404, 1, 1
0.39136077160387317, 0.4409484213608718, 1, 1
0.3600662528899317, 0.5710389000313137, 1, 1
0.24068617023037592, 0.11292094986394113, 1, 1
0.2227036556998121, 0.19927034447903436, 1, 1
0.2625745715492121, 0.4260519994839652, 1, 1
0.23978590763693325, 0.3091184006536813, 1, 1
0.26330247238783844, 0.31171534498536924, 4, 1
0.3693440663661979, 0.3953675946857589, 1, 1
0.25416104526034317, 0.25383819287771525, 2, 1
0.2745586954577094, 0.14292469059012647, 1, 1
0.24342840498046184, 0.3713187133322357, 2, 1
0.3252549275818782, 0.46614571584044756, 1, 1
0.3070583556467886, 0.4717319624114381, 1, 1
0.382933187556096, 0.4773079088955208, 1, 1
0.3446805923913958, 0.3412231527154409, 2, 1
0.23130707848928067, 0.24376917321224859, 2, 1
0.3327946405894394, 0.5143465648557104, 1, 1
0.2693558625752772, 0.42569933016446115, 1, 1
0.19363928797923718, 0.15995300391118766, 1, 1
0.22130184817608872, 0.17607693662278218, 2, 1
0.23334790842120118, 0.3461298725752088, 1, 1
0.25794302167073896, 0.34448914350792725, 1, 1
0.22821375238430133, 0.2807888401657046, 2, 1
0.3089320188796759, 0.2307296471986789, 1, 1
0.25796814918257427, 0.2735456968667371, 3, 1
0.34129587745960493, 0.531199568720975, 2, 1
0.31932041272392675, 0.41152737670833645, 1, 1
0.29395428462382356, 0.27204850173882644, 2, 1
0.23979370169707118, 0.249696724412602, 2, 1
0.21713450363921408, 0.20395312007591926, 2, 1
0.3019328912371523, 0.2965598408194478, 1, 1
0.26645010739788644, 0.17969499502844843, 1, 1
0.244291248636622, 0.12141569346935221, 1, 1
0.25409436536977176, 0.2210497414767052, 1, 1
0.25616449166082783, 0.32495165963939304, 1, 1
0.2574723220947866, 0.25799193390577296, 2, 1
0.2285456327622371, 0.09096713628208114, 1, 1
0.29136096744064965, 0.5057661344302069, 1, 1
0.2623226633900096, 0.17007003818601135, 1, 1
0.3410248829119743, 0.30786546060332065, 1, 1
0.3892461069960302, 0.43095006921519063, 1, 1
0.18940681778210666, 0.17101553301905453, 1, 1
0.35955173217524417, 0.37990329282532675, 1, 1
0.30540905855717293, 0.37077237116905143, 1, 1
0.2653290608387118, 0.2392834418542562, 1, 1
0.3584823617066827, 0.3087683755108636, 1, 1
0.2583000195716616, 0.40809764543519644, 1, 1
0.3371836358629014, 0.44130193118776734, 1, 1
0.29896678405293986, 0.3194196268508984, 3, 1
0.2520504692869581, 0.4156641098435568, 1, 1
0.21938678582374543, 0.1504749652627278, 1, 1
0.33266892431486816, 0.3274715337118668, 1, 1
0.22112582573906306, 0.18243449423311245, 2, 1
0.3475902979581291, 0.5703110678517387, 2, 1
0.32959753325221464, 0.3746763691829652, 2, 1
0.3173579590086752, 0.41658420562405374, 2, 1
0.34647025415054944, 0.36896215329769616, 2, 1
0.28515599788387813, 0.4914399346711564, 1, 1
0.2355828417373564, 0.24589197872487062, 1, 1
0.28483109763690745, 0.31039889594894465, 1, 1
0.3003846901060023, 0.3392654703884109, 1, 1
0.34086378630125097, 0.5983146812498839, 1, 1
0.35699746909151875, 0.42402507904026954, 1, 1
0.3426102817556682, 0.4862962985061009, 1, 1
0.32980005097437465, 0.3897248134206459, 1, 1
0.38147083674634785, 0.45680945094965286, 1, 1
0.36195302624695097, 0.43425575763100344, 1, 1
0.26409216565070553, 0.37489304269294366, 1, 1
0.2494221440712788, 0.3306192238246247, 1, 1
0.27689399765518374, 0.17494063249614034, 1, 1
0.2259791311241719, 0.1485334630603915, 2, 1
0.3094728551515519, 0.3597422562473314, 1, 1
0.36707203186777376, 0.5173287433547964, 1, 1
0.334197853297874, 0.49603545533393756, 1, 1
0.3615141813262469, 0.4868561119660359, 1, 1
0.26566998367683636, 0.3281530279324099, 3, 1
0.3423802189004173, 0.43977941941588683, 1, 1
0.1972177142223407, 0.2530633347883908, 1, 1
0.3665902239184912, 0.621662873566203, 1, 1
0.32434714432160094, 0.4111127432197036, 1, 1
0.15626896375971167, 0.1480528633507754, 1, 1
0.34456736908680935, 0.5243307792331662, 2, 1
0.3221798664630165, 0.45970525793199485, 2, 1
0.38313039092788204, 0.526368846403495, 2, 1
0.3501342208803259, 0.5202837236603163, 1, 1
0.2988828287093853, 0.1746049857975931, 1, 1
0.2847371407762255, 0.27497382724933905, 1, 1
0.1858604584113755, 0.17571651804307542, 1, 1
0.2856014320237029, 0.399595618734037, 1, 1
0.19629201999729629, 0.1939077959880856, 1, 1
0.2682763740941017, 0.31090504826977194, 1, 1
0.2992339482241658, 0.24801246344165528, 1, 1
0.3527477827127551, 0.597551254990825, 1, 1
0.3545345601800769, 0.5790680739402945, 1, 1
0.23448842658865116, 0.20500917420835324, 1, 1
0.23534903758040532, 0.16556997292959413, 1, 1
0.22796991641378783, 0.195533763835669, 1, 1
0.22588649336239347, 0.3041784563417057, 1, 1
0.29769518701634207, 0.418326982280077, 2, 1
0.20869098213787662, 0.15755340687920782, 1, 1
0.2508558468398717, 0.11470470429645596, 1, 1
0.3251603154133964, 0.3202357943756089, 1, 1
0.3699057353238028, 0.5570426419235915, 1, 1
0.2561885831999983, 0.41849796151147445, 1, 1
0.26090952511059257, 0.3196900545967878, 1, 1
0.24257886230762266, 0.39776037723307445, 1, 1
0.25273556573711087, 0.3099319238015296, 1, 1
0.33292156649312166, 0.29478221649963887, 1, 1
0.3025260663975755, 0.5192562363297362, 1, 1
0.29159812504601657, 0.25309511876249297, 1, 1
0.27694096444054295, 0.4589776975686143, 1, 1
0.24629814036867836, 0.20686737677906808, 1, 1
0.299663538168817, 0.4593573152317601, 1, 1
0.39825501192259255, 0.5886376531542327, 1, 1
0.3382772186035822, 0.36204621434848994, 1, 1
0.17174111749377635, 0.0, 1, 1
0.329115466785734, 0.45927890524009307, 1, 1
0.27376268643914814, 0.22249899137025814, 1, 1
0.27553085440764497, 0.7979717928862047, 8, 2
0.21196988304042874, 0.7829703251934615, 5, 2
0.24059940495046214, 0.7630059422688702, 11, 2
0.18990432478206337, 0.8242979651877179, 7, 2
0.37150087524670317, 0.6689658064912475, 9, 2
0.035671096213097775, 0.8893900679695377, 1, 2
0.3179580028543486, 0.7808100338308391, 4, 2
0.3309782895887596, 0.6209748695244687, 6, 2
0.26209174190395207, 0.6850187440409654, 7, 2
0.374443019677094, 0.6404800989345495, 16, 2
0.2844021361388749, 0.7784884118788518, 15, 2
0.342731311973625, 0.6407260253836649, 7, 2
0.30819083152208576, 0.6757622928124378, 17, 2
0.35180498573457886, 0.6549140204320653, 9, 2
0.3074007202358477, 0.7041689534907268, 24, 2
0.31359884968140195, 0.6890381939623794, 13, 2
0.34353121632952627, 0.765304463231781, 7, 2
0.2170151932591872, 0.8130650619290339, 11, 2
0.34191636525343644, 0.8235360824802694, 4, 2
0.22503348560706532, 0.7570792048277706, 16, 2
0.2558897512981248, 0.7216982896032601, 15, 2
0.15126617272393592, 0.8289617160437818, 7, 2
0.36723886754525004, 0.6254790626325673, 7, 2
0.1790866946027229, 0.7925639741181449, 9, 2
0.2586446052654552, 0.7111468609132453, 19, 2
0.3258779106518089, 0.6741529126448544, 17, 2
0.23958145289598806, 0.7419204971673896, 17, 2
0.346106172532115, 0.6752034007380318, 14, 2
0.29366540762982474, 0.7084662996928655, 14, 2
0.29096920651002717, 0.6625003813344468, 12, 2
0.4151574807375187, 0.6690340859149566, 9, 2
0.3037668974080383, 0.724310194087453, 20, 2
0.20889861815076607, 0.8790937966666739, 2, 2
0.14818545125949575, 0.7942254604713149, 4, 2
0.2648404403496564, 0.7785540688501821, 13, 2
0.29401636104262024, 0.731928742739504, 14, 2
0.16469392514390319, 0.8429096875699545, 6, 2
0.3546617081089423, 0.7124326871430099, 9, 2
0.28304187838286776, 0.6948640786804428, 11, 2
0.27333369197085805, 0.6689824554574226, 3, 2
0.3578730078702342, 0.6297792997466035, 3, 2
0.31123663212944735, 0.6625504760784914, 10, 2
0.20904431879183483, 0.668104901111445, 2, 2
0.2713291813907778, 0.7543428437024519, 25, 2
0.41718858429797817, 0.6488760297353179, 10, 2
0.38996583768309123, 0.5867271697098135, 3, 2
0.19414155858950966, 0.795102750905071, 22, 2
0.42304803002075475, 0.625863177679523, 7, 2
0.36516511956707504, 0.695995030007008, 11, 2
0.24420134212647723, 0.8273747152594007, 5, 2
0.3088563833995952, 0.7359998660081565, 18, 2
0.16309451376811795, 0.8209283339350688, 5, 2
0.2863231945875205, 0.7168924825282447, 15, 2
0.3449627980225429, 0.7197481518717593, 14, 2
0.2617272723666832, 0.8000184948561008, 15, 2
0.39584405126764477, 0.6389658276677481, 11, 2
0.18170511841662335, 0.8426319778728885, 12, 2
0.3649905205516403, 0.6567887773761647, 8, 2
0.36704541587355494, 0.7155805994816317, 5, 2
0.21225955802501667, 0.8270173507299086, 8, 2
0.29813785779707247, 0.7754655109599308, 7, 2
0.3602160443305425, 0.7374012222457124, 4, 2
0.3308020042353517, 0.6993898457255602, 14, 2
0.3592874713458264, 0.6465478309629523, 8, 2
0.3863146667273061, 0.7730850670044935, 2, 2
0.31996540925075645, 0.6456538448395516, 5, 2
0.2972846783570544, 0.6982705156709285, 8, 2
0.24331801572644626, 0.7899738081097105, 17, 2
0.24877599148563045, 0.8154355263200083, 5, 2
0.3444442560377136, 0.7023506493161852, 9, 2
0.3425040165491515, 0.7402295805680944, 10, 2
0.45359761488362244, 0.6235336011179967, 3, 2
0.26139889048880505, 0.7526434463920688, 8, 2
0.2140239865657397, 0.7388162024131719, 15, 2
0.3221000200236308, 0.7117440881167933, 11, 2
0.25248770507522983, 0.8370255909841166, 4, 2
0.43161052796136745, 0.6422666960774069, 3, 2
0.3467901971151646, 0.6876686580329, 12, 2
0.2336229747067339, 0.6919176597148381, 6, 2
0.5402484698196762, 0.563477702124351, 1, 2
0.2108850790632121, 0.8422504153984585, 3, 2
0.1790890613174018, 0.896433446315777, 2, 2
0.20085953826387007, 0.8426979819605821, 3, 2
0.3565816590850393, 0.7249220206348295, 15, 2
0.2748093230630013, 0.8481016467931156, 4, 2
0.42149526107377044, 0.5737688608679463, 4, 2
0.3136766091311768, 0.5950783247784183, 2, 2
0.3080166814113321, 0.6408523664355068, 5, 2
0.3544994738628437, 0.6953041542549512, 7, 2
0.2884860656772212, 0.7934515755641306, 9, 2
0.3615922450551935, 0.6855311244550384, 15, 2
0.17075983039132886, 0.77523874756749, 5, 2
0.13714675406870347, 0.7694911467039225, 1, 2
0.3667152709499385, 0.6016269791564318, 2, 2
0.31530020757200994, 0.7711020842592218, 7, 2
0.16446183395840058, 0.8630914457033495, 4, 2
0.3592412196019476, 0.5857414606581711, 3, 2
0.38444028722917045, 0.7166725986468764, 2, 2
0.23954077658506623, 0.8482074711763337, 3, 2
0.4659003841975422, 0.5433008307926604, 1, 2
0.3844296735813539, 0.6196640816524419, 7, 2
0.27129756078529255, 0.7423725806715538, 17, 2
0.4958291881400812, 0.557491991226349, 2, 2
0.21811962137042895, 0.793832574032598, 16, 2
0.29937504837142204, 0.7515315735806978, 12, 2
0.16621218007766533, 0.8299197221984667, 5, 2
0.2975001470397156, 0.805414800582703, 2, 2
0.3829872403701385, 0.6337923578217574, 5, 2
0.3217231184097365, 0.7554822409281031, 10, 2
0.3899022151886599, 0.6910415895770406, 6, 2
0.25029729738861756, 0.6498847065652151, 3, 2
0.13708014943767122, 0.8134914345897986, 5, 2
0.21066538625734363, 0.757352346396933, 11, 2
0.25662435489960683, 0.7366890526138893, 13, 2
0.27096646345636155, 0.7087162977362865, 17, 2
0.2984916031325342, 0.6150650398304466, 1, 2
0.2713101181403685, 0.7224774789816218, 21, 2
0.2522011112462999, 0.7476359268240591, 14, 2
0.25756447702342455, 0.7652878325798192, 12, 2
0.20602839371302017, 0.7154073664313206, 5, 2
0.34285409595422045, 0.6650531683905513, 7, 2
0.21189828409073116, 0.7707227811769748, 15, 2
0.5253975306173193, 0.5262222524327446, 1, 2
0.3556606694079648, 0.6175247204201704, 4, 2
0.23156907720244096, 0.7715300418722152, 8, 2
0.3099718322167217, 0.8031679836947414, 4, 2
0.3482809199251438, 0.8138206746303253, 1, 2
0.27358233817143196, 0.7858105779372354, 4, 2
0.3760657905756102, 0.5898319970215432, 6, 2
0.12490759909363487, 0.9125018271969292, 2, 2
0.33100395029445656, 0.7259313202938168, 13, 2
0.2500543270573995, 0.7722908424976854, 8, 2
0.3778941019755517, 0.6562228291041835, 8, 2
0.14677364214070832, 0.8606420259302846, 4, 2
0.07659228392205028, 0.8781673114251596, 2, 2
0.35737792286171677, 0.7465352560908852, 6, 2
0.33530655622482863, 0.7500175399857479, 10, 2
0.4055706747941896, 0.6475745599321129, 3, 2
0.4493065768971216, 0.6104039986047496, 3, 2
0.1952792582246578, 0.7533084108746453, 10, 2
0.3708155659867834, 0.7059643710043687, 9, 2
0.38181632496867646, 0.6799957924026404, 13, 2
0.3313018307643024, 0.6571464830372985, 12, 2
0.014384583467566547, 0.9532994888170507, 1, 2
0.3985501588582495, 0.6025391929905357, 5, 2
0.28845757271563205, 0.6828320920555551, 7, 2
0.3294165723934813, 0.7368203040051752, 16, 2
0.23390998580342118, 0.8026400464058201, 9, 2
0.44027494730160355, 0.6305795309367918, 5, 2
0.4449325029793231, 0.7080798133864475, 2, 2
0.39117539748995567, 0.7301939814602466, 4, 2
0.21643277467728136, 0.7078786549910153, 3, 2
0.0901727491461547, 0.9543068560687895, 1, 2
0.11225333814881938, 0.8003693124324356, 2, 2
0.4053249556936162, 0.7037444227160937, 6, 2
0.14708448874984936, 0.8933914432900825, 1, 2
0.5013405584020726, 0.5831731577103709, 1, 2
0.13039636795345222, 0.8727644535367534, 7, 2
0.3339510470351327, 0.6464574399536164, 5, 2
0.30193723306376674, 0.7890291598309945, 7, 2
0.20898564409494, 0.8066091281077497, 8, 2
0.10948379456521234, 0.9259471359924006, 1, 2
0.5088602674239052, 0.5147468333868424, 1, 2
0.2869369277896071, 0.7481908388609342, 13, 2
0.10770956371354051, 0.8646563048057098, 1, 2
0.19785424914325303, 0.7217402129142086, 6, 2
0.42508492406787646, 0.6076425394811111, 1, 2
0.1685413469549796, 0.8107447039986202, 6, 2
0.1830577355900877, 0.8091196102681466, 9, 2
0.13462882336807086, 0.9438666110732952, 1, 2
0.2449081875733541, 0.7222906460018621, 11, 2
0.3199244761327538, 0.6982747619239761, 12, 2
0.13035240039316898, 0.7554053811694187, 1, 2
0.09746078329455209, 0.8740252310153929, 2, 2
0.1794642242643361, 0.8238790670138364, 12, 2
0.33953148727963894, 0.7963884525952605, 2, 2
0.25154870304495425, 0.7833345237932255, 12, 2
0.46956115142010885, 0.6949855987076614, 1, 2
0.4114886884488287, 0.6205953556814777, 5, 2
0.20515658076914978, 0.8583326816645225, 6, 2
0.45519624018675237, 0.578467207654117, 4, 2
0.4688338038932176, 0.5162649901685419, 1, 2
0.2612821590466174, 0.872946676909208, 1, 2
0.11533790348314163, 0.8870045571317684, 5, 2
0.22922241495031603, 0.7465805407040583, 13, 2
0.43472830979017574, 0.6052332932525831, 4, 2
0.1935645046778756, 0.8778365456953132, 3, 2
0.5691881594785992, 0.5352029496238835, 1, 2
0.1993657657441702, 0.7835221782942565, 5, 2
0.28241167322036564, 0.7349894047552084, 12, 2
0.4001590868116504, 0.6937242005488979, 4, 2
0.17032646615840952, 0.9146636941714825, 1, 2
0.4054876395321233, 0.5915622295161725, 2, 2
0.38029798392979713, 0.6017309582039987, 9, 2
0.1886347407983635, 0.7760345566559619, 8, 2
0.021204936470786584, 0.9904968941634908, 1, 2
0.1294449515214901, 0.8296372957066508, 2, 2
0.4562892476613025, 0.6428034205550309, 2, 2
0.05371347147816474, 0.879167883141577, 1, 2
0.4432740243501779, 0.6427561994542241, 3, 2
0.3596934225625018, 0.7691046935946769, 3, 2
0.25134898388492927, 0.6880448460631535, 4, 2
0.3678889429551247, 0.5682638682779747, 3, 2
0.07479351685284485, 0.9155451179620822, 1, 2
0.3344963671345011, 0.6800441253378946, 15, 2
0.17220058198463203, 0.8554619829752558, 13, 2
0.37210998210384805, 0.5351399898842719, 1, 2
0.2692120072395945, 0.6576053425462622, 1, 2
0.1316413059102541, 0.932093173418019, 2, 2
0.2712523786988443, 0.8164674827412288, 5, 2
0.4273109451770711, 0.7126047275732152, 1, 2
0.2212099986148147, 0.7786625071390461, 9, 2
0.3561341265380174, 0.6655459732639215, 8, 2
0.10012801992982266, 0.8227021107295995, 4, 2
0.3020285483307627, 0.6872298767071809, 8, 2
0.44452164971713487, 0.5442501513098309, 2, 2
0.3735967987373549, 0.7309207136842236, 4, 2
0.20006843839375582, 0.8174987325706483, 8, 2
0.18059931436064677, 0.7369715323892139, 4, 2
0.42783000673735083, 0.6764438462026098, 4, 2
0.301770023866825, 0.7646376137149243, 6, 2
0.3657633885696614, 0.6122954364262446, 2, 2
0.292170034265885, 0.6420184024016846, 2, 2
0.31397907641684364, 0.719535381815696, 6, 2
0.4096643371767681, 0.6095265871044937, 3, 2
0.15929167354580584, 0.8758450664472813, 3, 2
0.4085267053948919, 0.6809933426273937, 3, 2
0.1385486341128004, 0.798754620820668, 4, 2
0.27913944570427685, 0.6432167870443806, 3, 2
0.508750709558412, 0.4977599010130603, 1, 2
0.23126709370358753, 0.8376069318088827, 6, 2
0.46882091212500465, 0.6846623790297258, 1, 2
0.40656211818011684, 0.6308993824442763, 8, 2
0.3094425853147485, 0.6177584121263637, 2, 2
0.10888801958352617, 0.810769708836113, 1, 2
0.39430963872527103, 0.6522823637709947, 2, 2
0.326877371481818, 0.8060889779395207, 2, 2
0.10157284373647874, 0.8545592306869031, 2, 2
0.11952193291128609, 0.8373343207083231, 2, 2
0.19094197560019188, 0.7398194404812216, 3, 2
0.23577094630846507, 0.7133218339820386, 4, 2
0.2203784135709158, 0.8725082247102521, 3, 2
0.3315127374063962, 0.7739789941851715, 3, 2
0.15731149481174703, 0.8038876975440629, 5, 2
0.2599845873923079, 0.8142546142865573, 2, 2
0.3490086739430354, 0.7773478906254829, 2, 2
0.20872517701530288, 0.8916990984631771, 2, 2
0.2367942950133618, 0.8167860879978317, 2, 2
0.24404225068511848, 0.7045135763490008, 3, 2
0.4850370140957085, 0.5373787492590402, 1, 2
0.448549030659481, 0.6659892213621771, 3, 2
0.21886440869450025, 0.8512366513236825, 3, 2
0.26821626618134986, 0.694374635697798, 5, 2
0.11883055598017789, 0.7545520432040183, 1, 2
0.42413170313619836, 0.6625808087414238, 1, 2
0.21622490685089596, 0.6856829002477388, 2, 2
0.38665511030736105, 0.7054783893249043, 8, 2
0.46591787272069374, 0.6309390631670421, 2, 2
0.1997462715966572, 0.7656061126274251, 5, 2
0.13430049965984747, 0.8420763257704542, 1, 2
0.3975294562684955, 0.6640950099724866, 8, 2
0.3944383024729159, 0.6133986502705578, 2, 2
0.2773536709458844, 0.8722099571797652, 1, 2
0.14812734213050563, 0.8767394168148342, 2, 2
0.4530536934202883, 0.6835808312186248, 1, 2
0.17144358085903585, 0.8745771898222358, 4, 2
0.41879798226858334, 0.5517404287654689, 2, 2
0.28256448038400866, 0.7634044689076053, 13, 2
0.1981428002256496, 0.830428011563734, 3, 2
0.4242815887206345, 0.5892826254441232, 4, 2
0.26102234213066594, 0.861188782394503, 1, 2
0.31534214461013904, 0.6086000143337517, 2, 2
0.5025758304993219, 0.5494334915750203, 1, 2
0.22621412330920562, 0.816791878171024, 4, 2
0.3491945680090956, 0.6063933854667932, 3, 2
0.07370690610276709, 0.9393026536524828, 1, 2
0.5246361520050775, 0.6066633401966423, 1, 2
0.2969260677311176, 0.6284471957994824, 1, 2
0.11495787196556695, 0.8737269119464858, 1, 2
0.4764428019358705, 0.6006840218032619, 2, 2
0.1958588332980101, 0.8639517362018091, 2, 2
0.23616600763288478, 0.7814227085995596, 7, 2
0.4550236767270256, 0.5382713585800983, 1, 2
0.18038442838542448, 0.7668355026085089, 4, 2
0.413021906155429, 0.6582614855243497, 2, 2
0.24686649125424656, 0.7997477722051671, 9, 2
0.3974221168531665, 0.6764813152530973, 5, 2
0.1606089141698745, 0.7846880351357313, 5, 2
0.33644253745020214, 0.709125786553491, 5, 2
0.5094048170932997, 0.6070586232367257, 1, 2
0.14456397488622302, 0.8465481683551619, 1, 2
0.2572129004200086, 0.6596828788105916, 2, 2
0.22687540025676664, 0.7182166973638054, 3, 2
0.31035085012822117, 0.7571702449554254, 8, 2
0.3305762107281855, 0.76076735957739, 4, 2
0.20947187050340083, 0.6979984097283702, 2, 2
0.34267106812032405, 0.5883318645506025, 2, 2
0.34201182107413536, 0.6303049310717884, 1, 2
0.45766965341105864, 0.5678862039963254, 1, 2
0.44514672584863535, 0.5900394665133345, 2, 2
0.2560766158851197, 0.8250638159530062, 1, 2
0.3423496700532101, 0.6149986610929605, 3, 2
0.11645228264221702, 0.8267310142727943, 3, 2
0.10545815267012636, 0.9121974646895751, 2, 2
0.47754808050867, 0.5750129885841577, 2, 2
0.07946660163471514, 0.8679321367617391, 1, 2
0.4937169689060454, 0.6418189514030556, 1, 2
0.32744593667394156, 0.8182064446784988, 1, 2
0.0511672203506402, 0.9369167085943968, 1, 2
0.26906764614142364, 0.6086240301893516, 1, 2
0.2898034803601458, 0.609143079435575, 1, 2
0.10556348511395891, 0.9406291360563457, 1, 2
0.21526606115133717, 0.727931809681421, 1, 2
0.43800930815320405, 0.6558770316559556, 2, 2
0.15409109168636, 0.7480273100398339, 3, 2
0.16704266627882855, 0.7384174785622384, 2, 2
0.16923082492686553, 0.755109639735754, 5, 2
0.45742704601152956, 0.655638288767514, 1, 2
0.4845921707938706, 0.6169986176386155, 1, 2
0.4792213723380968, 0.6574399427954687, 1, 2
0.23031508302252282, 0.8264241782326084, 1, 2
0.4029972694224635, 0.7218494418397083, 1, 2
0.03408181180132441, 1.0, 1, 2
0.2410557411419379, 0.6805114588935615, 1, 2
0.3144343967373304, 0.7460223870762868, 6, 2
0.37939824751647616, 0.6970618295389632, 4, 2
0.2703648036645219, 0.7671202234729745, 9, 2
0.2991144908347213, 0.8340850630148793, 1, 2
0.0, 0.9216853049354388, 1, 2
0.16213571100489413, 0.7671332197716716, 2, 2
0.3073326972478149, 0.816138559391494, 1, 2
0.32028615254266835, 0.6247577438879729, 6, 2
0.22591720455357547, 0.7299178290462666, 3, 2
0.1179730750550361, 0.847824374553231, 2, 2
0.5341409479894336, 0.5469201686801523, 1, 2
0.1672999685917042, 0.7940542738688439, 2, 2
0.10041872282064651, 0.8876838382596163, 1, 2
0.4014109108584978, 0.7421559710133022, 2, 2
0.28384568871887705, 0.8208683736001817, 1, 2
0.3818015122091044, 0.57712054008403, 2, 2
0.2754596466457259, 0.6853902803245256, 2, 2
0.22813423328057836, 0.790196718487484, 3, 2
0.5095397998996463, 0.561964918293922, 2, 2
0.338265680691589, 0.5617157510882662, 1, 2
0.42589820234077524, 0.723880650981165, 1, 2
0.4945281239166485, 0.5988161851697296, 1, 2
0.59042657793745, 0.475959737311236, 1, 2
0.41229509748241744, 0.7390963213364795, 1, 2
0.5126129379993162, 0.586833237077954, 1, 2
0.3567361242254048, 0.5582692017651365, 2, 2
0.4049448833806214, 0.7681322564017337, 1, 2
0.16419922523243774, 0.8905587109982089, 2, 2
0.06505030402649087, 0.903902265468835, 2, 2
0.18265035339144786, 0.676627645182369, 1, 2
0.20066557164518256, 0.6843206363217399, 1, 2
0.3778488399617839, 0.7651980011550532, 1, 2
0.2541978591553814, 0.6755953942210361, 2, 2
0.29590368741666956, 0.6716597825195304, 6, 2
0.22838868623368908, 0.704322972108682, 1, 2
0.2828077829930842, 0.7071850186899815, 6, 2
0.1645920628454017, 0.7201997150734408, 2, 2
0.44620776261354034, 0.5691910012987859, 1, 2
0.058129740844337585, 0.9598297348243182, 1, 2
0.390038315145221, 0.7634486268264736, 1, 2
0.4306171590729482, 0.5325335585905563, 1, 2
0.2384139400937894, 0.6622290776326574, 2, 2
0.1549312314294279, 0.8479490107870842, 2, 2
0.03647700367983858, 0.9281501894339288, 1, 2
0.38625077127323754, 0.6640754102635239, 2, 2
0.37646008541975745, 0.7407679270876559, 3, 2
0.4540580343406218, 0.5993222811617068, 1, 2
0.25996840352135153, 0.8485752677061359, 1, 2
0.229359866034979, 0.8520304782285335, 2, 2
0.32155524575079963, 0.6627959863830744, 2, 2
0.2978398900890582, 0.6521924168230223, 1, 2
0.40947541258048925, 0.567843508701763, 1, 2
0.1280618667486097, 0.8982827227134352, 1, 2
0.1853321898517125, 0.8590596158793367, 2, 2
0.06535191374504823, 0.9243127569457422, 1, 2
0.5474777492390749, 0.5044195711252599, 1, 2
0.3303542330066538, 0.6326171101573195, 2, 2
0.31086040456483743, 0.6517745084901814, 3, 2
0.3831867271177978, 0.5648000530973206, 1, 2
0.42459179403337266, 0.6909161897956716, 1, 2
0.47307902657349576, 0.5537133554619821, 1, 2
0.5213538606910381, 0.6492859331679196, 1, 2
0.0844980699417735, 0.9116190693756637, 1, 2
0.23812006726651336, 0.9105600038319982, 1, 2
0.39835842693764395, 0.5582722984321753, 1, 2
0.12982887024806702, 0.8526149591969803, 1, 2
0.36421403420922815, 0.522787947180885, 1, 2
0.0358870596605983, 0.9103337090555532, 1, 2
0.04033755690824359, 0.9004920184150323, 1, 2
0.32039187345173886, 0.7308703970922699, 1, 2
0.5063302832140383, 0.5727438135087464, 1, 2
0.7298831646403128, 0.30940183024205425, 6, 3
0.8768607397210305, 0.2661456600571973, 6, 3
0.7237490137879633, 0.4227798385578249, 12, 3
0.6119675171693454, 0.44753296499573103, 5, 3
0.6211381268839254, 0.4372989726431707, 4, 3
0.7395415054011851, 0.42334026725045737, 5, 3
0.7070017149487736, 0.3707542294266755, 11, 3
0.6737635517646207, 0.425101126364391, 15, 3
0.7144215779606465, 0.31022993851943165, 11, 3
0.8648103997683606, 0.2055415329319964, 5, 3
0.8455040843019821, 0.20230471734899075, 4, 3
0.8191547125292601, 0.2410153256878234, 9, 3
0.8581918898956468, 0.2149921471869873, 4, 3
0.7910444274083703, 0.3479344381759232, 6, 3
0.7699796442236373, 0.33465347092001085, 20, 3
0.8078371275107632, 0.26855685637933646, 13, 3
0.8367204544509405, 0.18809895244924132, 5, 3
0.7270877366511421, 0.21848951618420526, 1, 3
0.7582206294040259, 0.2183596887867812, 4, 3
0.6489924755877883, 0.3368977584863368, 3, 3
0.6469523960391433, 0.49214523556460116, 2, 3
0.6684505268550599, 0.3541617925483101, 7, 3
0.7673347304109681, 0.251324661810831, 11, 3
0.8383865589710235, 0.2876828912838724, 5, 3
0.7273367106233762, 0.36816611126732796, 16, 3
0.7691611116519008, 0.36951680398774106, 6, 3
0.7036439290616474, 0.4180926104416093, 13, 3
0.7393692107048166, 0.264275420502324, 11, 3
0.7511334727667269, 0.41299564988635107, 7, 3
0.7588143601526081, 0.25632259031447596, 8, 3
0.6912110000170302, 0.45816826579553643, 7, 3
0.7835943397302367, 0.2953612321886179, 9, 3
0.7656076992021874, 0.3574260816015535, 11, 3
0.7625943217716064, 0.34647012753525586, 7, 3
0.893545214239194, 0.1759815452425953, 4, 3
0.7163531912202784, 0.39258724045363125, 16, 3
0.6232664700370781, 0.4251660932493441, 4, 3
0.7085835696349417, 0.354880139742433, 11, 3
0.6501680525051916, 0.3715240795942571, 11, 3
0.7386961861265741, 0.3152745060501942, 12, 3
0.6476118009747188, 0.44279655937027085, 10, 3
0.7346998656824248, 0.3928410550093427, 7, 3
0.6692673345697976, 0.365043802303222, 8, 3
0.880681072601983, 0.35618095103680525, 1, 3
0.8488189029331457, 0.2254404909578602, 5, 3
0.7262337304118108, 0.35626569692125415, 16, 3
0.7635694098230017, 0.2668928844968915, 7, 3
0.8313108077980057, 0.2677879679882796, 9, 3
0.8486397626722727, 0.2507555443425714, 5, 3
0.7791894160122329, 0.19721121091984586, 4, 3
0.7811234894463777, 0.3158382616617253, 20, 3
0.8106794632639461, 0.28621354048719844, 16, 3
0.5794137172402521, 0.32445111054097986, 2, 3
0.6344709104916801, 0.42566044294596234, 2, 3
0.7329084060854714, 0.2916004726142523, 10, 3
0.6199340996098692, 0.5813794689154148, 1, 3
0.542183144430284, 0.536458942910563, 1, 3
0.8478441667652128, 0.2721748816881957, 10, 3
0.5723795559076158, 0.47320705964715065, 4, 3
0.678986853590022, 0.4427238018765289, 9, 3
0.6566120317092653, 0.35400377571063707, 5, 3
0.6021937567482155, 0.5308687148224014, 2, 3
0.7176354452795863, 0.2889544402246542, 10, 3
0.7888786751893744, 0.2698800144090248, 8, 3
0.859959070137852, 0.16709429973404538, 3, 3
0.7615247169052323, 0.39948126930824035, 5, 3
0.7467827603196708, 0.32825206574878946, 13, 3
0.8714343539850518, 0.11018531435401871, 2, 3
0.7008959768782878, 0.3838648106974998, 15, 3
0.7579067109634561, 0.3739877140592696, 17, 3
0.68591311749676, 0.384723052128138, 12, 3
0.754938107492934, 0.27408632670411465, 14, 3
0.6699622336972679, 0.4127878625553416, 12, 3
0.5927927231229011, 0.4170167441401896, 1, 3
0.7511865059222523, 0.34491823903504054, 19, 3
0.714617009724967, 0.4809479211502556, 3, 3
0.7461185319113212, 0.3017245036024184, 10, 3
0.796151737935637, 0.2180838732957842, 5, 3
0.7844244156472167, 0.2178033884800793, 9, 3
0.8251297622548519, 0.3251796275338644, 5, 3
0.6851636506614471, 0.43053219433267104, 4, 3
0.7189194970293034, 0.3437509100500674, 22, 3
0.8067990445830192, 0.3328897330445945, 8, 3
0.802508013191636, 0.2010214075745463, 10, 3
0.701810044775862, 0.44977691713329415, 6, 3
0.7226853493030507, 0.3265132485791171, 21, 3
0.5959049750534466, 0.5087901996190416, 3, 3
0.6869349713099092, 0.3622084864112638, 10, 3
0.7925434574815473, 0.33428943296783886, 11, 3
0.7199940219131052, 0.3785265933897921, 18, 3
0.4922363395262785, 0.5521305188884439, 1, 3
0.7706560026414492, 0.2846944766791777, 15, 3
0.7476378419575926, 0.3877182911022379, 12, 3
0.840631065760893, 0.3137521374716034, 4, 3
0.7460076144728571, 0.35577420246266883, 15, 3
0.9066591113330382, 0.2452638932458176, 1, 3
0.8588565495467968, 0.28219599841422666, 3, 3
0.7882051314380776, 0.3718529273289619, 3, 3
0.6173207716958118, 0.5218584856334647, 4, 3
0.6705302222795168, 0.4515046298953381, 11, 3
0.6365019054372834, 0.3553399902909895, 2, 3
0.7053836591452073, 0.27538053012110986, 5, 3
0.791377945140832, 0.4222439082655857, 3, 3
0.8883387642550137, 0.2526769811063072, 3, 3
0.7627599671697558, 0.15786584786962055, 2, 3
0.6438016245913865, 0.41941253908589055, 12, 3
0.7421533394859661, 0.28389719439441385, 13, 3
0.7697875948087, 0.3196413647943608, 13, 3
0.7376236076458595, 0.23663606416189242, 4, 3
0.7886972074288441, 0.25781214106448513, 15, 3
0.7134627813031797, 0.4494894680637149, 7, 3
0.8023184169834614, 0.25274398805070036, 3, 3
0.9202424663335794, 0.14495145328883796, 1, 3
0.7619361198919375, 0.30715617792998323, 14, 3
0.8325236672292192, 0.2976024545590715, 12, 3
0.8219605713937251, 0.28585459555347176, 12, 3
0.6653943529407406, 0.37854244418084465, 9, 3
0.8228590380602372, 0.2177713200087295, 7, 3
0.7263812159626801, 0.45764473340515854, 6, 3
0.8002788145912478, 0.291197230272101, 16, 3
0.927820013609798, 0.262622117857488, 1, 3
0.7025262385523044, 0.5159212216988541, 1, 3
0.7299825399783695, 0.2770087982935923, 7, 3
0.9462228708515048, 0.15375759436512498, 1, 3
0.7819700751506844, 0.2847512063566228, 8, 3
0.8328357716209023, 0.24446604988878953, 12, 3
0.6074286072508077, 0.43052373067843724, 4, 3
0.8455142616046117, 0.1571486001637823, 2, 3
0.6164105012245841, 0.466828494048047, 8, 3
0.6793245489894468, 0.37603448445674487, 9, 3
0.9320957684298177, 0.20511906688354153, 1, 3
0.6575297778418389, 0.4953531049590916, 5, 3
0.7912240329618464, 0.30726346731767457, 6, 3
0.9949362415998839, 0.17877189192026194, 1, 3
0.8153967540866784, 0.3997256249589392, 2, 3
0.6956944166911909, 0.4855127633122596, 3, 3
0.8131807662729028, 0.30433065577959706, 17, 3
0.8664871364422536, 0.13693275083070222, 3, 3
0.8771230243150036, 0.1331723685973564, 1, 3
0.5934747441480466, 0.43636998441036273, 4, 3
0.852686412160732, 0.23983535262209366, 6, 3
0.8037943194058642, 0.3534802936471804, 6, 3
0.6828637981685117, 0.5465871856946254, 2, 3
0.8813836438784546, 0.21137898496752944, 5, 3
0.6604698134640686, 0.34302560482718314, 6, 3
0.7810007943020045, 0.33875362645732277, 6, 3
0.5792320467679722, 0.46276258782976637, 2, 3
0.8497327855684969, 0.30169213991441335, 4, 3
0.8436107500454127, 0.35192994328992866, 4, 3
0.7142549860264851, 0.53412058539978, 2, 3
0.6217692534197778, 0.502596463211099, 2, 3
0.6353633960120515, 0.4671406663973241, 5, 3
0.704692386483304, 0.3399597164441536, 9, 3
0.8766358374807252, 0.24547498932848782, 3, 3
0.8611892092465058, 0.3706136686530939, 4, 3
0.7095356653498368, 0.42884022786390336, 7, 3
0.8321819546696996, 0.20105230894460427, 6, 3
0.8662695761341013, 0.2947115822340211, 2, 3
0.6935014199879237, 0.3524080040130963, 10, 3
0.8204370586267665, 0.26757343765875896, 8, 3
0.667365347731015, 0.3904864994439644, 11, 3
0.7531650084878032, 0.29057543361826577, 10, 3
0.8531451658696173, 0.31316615272933057, 3, 3
0.6956202989564502, 0.37355764234827676, 8, 3
0.7997234204178152, 0.40317453943605075, 5, 3
0.8201491400201714, 0.2007388991455338, 3, 3
0.75614940886174, 0.238989612857951, 8, 3
0.810423849658648, 0.32040552705367775, 7, 3
0.677373819417979, 0.347932418295857, 10, 3
0.6851943675456222, 0.4179626220135148, 13, 3
0.6128565254088516, 0.4784232283100062, 6, 3
0.801537309449285, 0.311039111573846, 8, 3
0.6274224565305418, 0.5497408525700024, 3, 3
0.7581528616845771, 0.33174724014550844, 10, 3
0.7462990049358735, 0.18289647048080615, 1, 3
0.7442881424170896, 0.45138089240878215, 2, 3
0.7700799653489064, 0.2996108406506551, 10, 3
0.8119462199316729, 0.22269560603054506, 7, 3
0.7364389308526017, 0.41183259325190913, 11, 3
0.6964064906917063, 0.30906164045890233, 3, 3
0.9222965078440537, 0.22974946208917243, 2, 3
0.7790020445672203, 0.359582072387538, 6, 3
0.8948222401163439, 0.20528312345882604, 2, 3
0.696616504562454, 0.3283805378211275, 5, 3
0.921650260395965, 0.18674821926897542, 3, 3
0.5765987041645696, 0.42617092811456303, 3, 3
0.792383850260086, 0.2441296626936858, 7, 3
0.6467841014006104, 0.466185038703836, 10, 3
0.6178661846290256, 0.4048919072795069, 3, 3
0.7012753664258256, 0.4036598744033247, 14, 3
0.6405793642404242, 0.47840198831913444, 3, 3
0.9387267868204955, 0.19011687526217444, 2, 3
0.7361566681836096, 0.4390200899881507, 6, 3
0.5986648439014227, 0.4634738006947908, 3, 3
0.8359217217030441, 0.22789852967581017, 4, 3
0.7236643305971696, 0.4352922670557049, 7, 3
0.6563815650773657, 0.4180030414328965, 9, 3
0.8153354631614634, 0.3680459774005519, 4, 3
0.5768524525687829, 0.48952611227990783, 5, 3
0.6802292675953958, 0.47284124714796677, 5, 3
0.6003227223227267, 0.4050502166975829, 2, 3
0.7296288078522116, 0.2586098245863106, 2, 3
0.8766512462365019, 0.14597979392547697, 2, 3
0.6532283313244114, 0.2919842632640519, 1, 3
0.7316371200129499, 0.38124108860810363, 8, 3
0.8337501121766292, 0.3367891376378521, 5, 3
0.6571122128523635, 0.5664237267530674, 1, 3
0.8065082771765091, 0.18524426526333398, 1, 3
0.7225717392596865, 0.4683836068854368, 5, 3
0.7688227846713799, 0.4115132477671693, 4, 3
0.7872136473396791, 0.14983510296840025, 1, 3
0.6907516027953259, 0.28254151408309647, 3, 3
0.5606873261044064, 0.5334368865271323, 1, 3
0.5697221141524395, 0.6385389153632219, 1, 3
0.8669835771048052, 0.25377907847274045, 3, 3
0.8776129578371825, 0.1963188323402679, 4, 3
0.6246337031668152, 0.4509324096570315, 4, 3
0.7760924943603965, 0.4004654856888763, 6, 3
0.6694300712839563, 0.46842500630369655, 5, 3
0.7783269491282614, 0.41915842841915474, 2, 3
0.8431011221875252, 0.2138071639914129, 3, 3
0.6397335895071685, 0.3892033399466361, 6, 3
0.6482018192748823, 0.511131867260343, 4, 3
0.7799838217442001, 0.18235153416165856, 3, 3
0.6637642415278902, 0.4768321129872916, 10, 3
0.6503469982052488, 0.3215290163645754, 6, 3
0.7214607964847168, 0.30187403460867496, 6, 3
0.634438898879243, 0.31897527040214624, 2, 3
0.8201499751281388, 0.22850596726240735, 2, 3
0.579275746274796, 0.44008282078976235, 3, 3
0.7637346463078467, 0.42795205691768995, 4, 3
0.7312720788450139, 0.24597087313902352, 3, 3
0.7738742419518979, 0.347371658362125, 10, 3
0.7712446078778534, 0.20825866351459582, 1, 3
0.6361753084195265, 0.516557741436822, 3, 3
0.8806474838489315, 0.2925222190872743, 2, 3
0.6880456876472575, 0.336257213847556, 6, 3
0.7682860302728254, 0.2231779132324944, 7, 3
0.7337072455580786, 0.3247343819219646, 7, 3
0.8167390507628067, 0.339628059352075, 7, 3
0.7955833997968528, 0.231424973142996, 2, 3
0.9918586578815736, 0.1552414552744633, 1, 3
0.769735477943981, 0.3865477267623422, 5, 3
0.9118442398206772, 0.26933215672596517, 1, 3
0.6547577032707936, 0.39764249673114305, 3, 3
0.7718781963452973, 0.2737874532082779, 9, 3
0.6728808613237045, 0.49377404961024207, 3, 3
0.5947766437723706, 0.45150801279162006, 6, 3
0.6752994486879005, 0.5384928842854125, 1, 3
0.6263780717097429, 0.47683895372867396, 3, 3
0.9090047237921655, 0.1956418792685994, 2, 3
0.8300830945927089, 0.35459294224607224, 3, 3
0.6961204944581835, 0.43995700758015316, 5, 3
0.7538860728509308, 0.44635711810096307, 3, 3
0.7510724971092435, 0.3157768825531099, 9, 3
0.7744735599176932, 0.4323517943664849, 3, 3
0.4892113767726382, 0.5098597935798161, 2, 3
0.6606950087600449, 0.4273644701239035, 8, 3
0.8305120583336177, 0.3159601193812698, 3, 3
0.7242978092373751, 0.40259402935762423, 6, 3
0.8276729136995034, 0.12871844040053493, 1, 3
0.6383278469243585, 0.37313569233047533, 6, 3
0.703914058545701, 0.29543765846831416, 5, 3
0.849458277559946, 0.18924420081813065, 3, 3
0.8246839790512343, 0.16364579584412425, 1, 3
0.5780029402667411, 0.45048715842052495, 1, 3
0.8843318905438402, 0.22622682148158138, 6, 3
0.783071526786813, 0.44052220847055396, 1, 3
0.8306258773993087, 0.14282393379270902, 2, 3
0.6873125237027314, 0.3233488073437373, 3, 3
0.5556861766950606, 0.4743873841332408, 3, 3
0.584717563935582, 0.5007506618258893, 3, 3
0.737775138836385, 0.3623013725398306, 8, 3
0.9018838789762337, 0.2908062716666178, 2, 3
0.6330977769552797, 0.49050721702998773, 4, 3
0.8039910192832077, 0.23810560792814447, 6, 3
0.6830804358870327, 0.4907299581720821, 2, 3
0.7462066401008001, 0.3762855696804083, 6, 3
0.8051161836633455, 0.16755672392841714, 2, 3
0.7453715454452089, 0.20982572589131473, 2, 3
0.967813644721293, 0.23492995142772044, 1, 3
0.5860313820578507, 0.4713587750697772, 1, 3
0.70394184600631, 0.31696756087323796, 8, 3
0.6986500237855231, 0.22853562460838656, 1, 3
0.5869954050060087, 0.3796560404019822, 1, 3
0.7114198278765704, 0.4914340312729403, 3, 3
0.6301837937542798, 0.39532255279898393, 4, 3
0.7958059867358249, 0.3207468610261569, 6, 3
0.5922466803959294, 0.5422942079243683, 2, 3
0.6618645220896031, 0.32948726476035345, 1, 3
0.5581024031652733, 0.40902750620081474, 1, 3
0.8990107353230026, 0.14301888151080827, 1, 3
0.6746229911640241, 0.5717485333015996, 1, 3
0.841997418050704, 0.26223707098406834, 5, 3
0.8689255847925799, 0.23826423091531712, 2, 3
0.6439557533654406, 0.43269468973977543, 4, 3
0.6697770605011857, 0.3182460469187185, 3, 3
0.8602038675539156, 0.1522107421531882, 2, 3
0.5496128173490489, 0.440956388266344, 1, 3
0.7124908897600438, 0.32447997873662515, 5, 3
0.6860392972848796, 0.3986042513371507, 8, 3
0.8787871898083526, 0.27762527917785373, 2, 3
0.902077974910592, 0.16157194695180288, 1, 3
0.8486119391082378, 0.3356429939686482, 1, 3
0.6115182350512559, 0.3873793176948084, 3, 3
0.5405986041150641, 0.4953070970657938, 1, 3
0.6501059433595792, 0.38648448444573574, 3, 3
0.6774035953275124, 0.29227953009578955, 1, 3
0.6323517034671534, 0.5310039672137931, 3, 3
0.9362351164808096, 0.21521875923172862, 1, 3
0.7456004536777538, 0.39911710631038455, 4, 3
0.7390501537193576, 0.337295795050083, 11, 3
0.6686458905908127, 0.44019479250564164, 5, 3
0.6592318980780337, 0.4556752873926509, 4, 3
0.5410534464042985, 0.5117048584253132, 5, 3
0.8118247228488883, 0.2583622358021789, 6, 3
0.7030264202316393, 0.4622699222796799, 4, 3
0.7791636667576681, 0.23484865511240774, 4, 3
0.7968802390881398, 0.1744750993175727, 1, 3
0.6514093881216645, 0.4779138492894982, 5, 3
0.6314039935492411, 0.41068501551396286, 5, 3
0.9061112336487925, 0.11965160523479523, 1, 3
0.5508599647014514, 0.5033993566248492, 1, 3
0.6794805816003264, 0.27761709590276834, 3, 3
0.7168734377507523, 0.27238262612094033, 1, 3
0.6063238937010583, 0.4160679743694557, 1, 3
0.5108002740702803, 0.3818501653127583, 1, 3
0.7807296550138085, 0.45341614160185834, 2, 3
0.6794496006156295, 0.22286550384384313, 1, 3
0.7007945980126034, 0.2496408184565375, 3, 3
0.7843725031607693, 0.3272461353385782, 3, 3
0.6735266294407889, 0.30355569033312607, 1, 3
0.6255627603019285, 0.30104131483967195, 1, 3
0.8776156706351768, 0.17096662556114298, 3, 3
0.9473600810746401, 0.10846145653000178, 1, 3
0.7308678190180662, 0.5277454571144087, 1, 3
0.5776111674690021, 0.5083666749008657, 1, 3
0.8905680040723812, 0.13014995757695694, 3, 3
0.5830648519136715, 0.3918768837834782, 1, 3
0.695331474427754, 0.4292808744070993, 3, 3
0.7175212655498138, 0.362771552889676, 4, 3
0.7110137386194507, 0.4093736322200059, 6, 3
0.7087544167000287, 0.25637484187135856, 2, 3
0.6666628482912941, 0.25133401811110523, 2, 3
0.863423996324626, 0.324197198999684, 1, 3
0.6487078396678255, 0.4537437711007312, 4, 3
0.5514311073340045, 0.48391890545994287, 1, 3
0.7588643070954406, 0.19008115002708015, 1, 3
0.8662559053117364, 0.1942808120203361, 3, 3
0.8299645212859925, 0.381057876084018, 3, 3
0.618190016866394, 0.5982314888579933, 1, 3
0.8914640963717008, 0.24063339180963672, 3, 3
0.941326507794659, 0.12190419239440775, 1, 3
0.6815103821057094, 0.5300977336132148, 1, 3
0.8711122891661336, 0.34090244344179355, 1, 3
0.8362167054325975, 0.41047821584923777, 2, 3
0.4745997556075879, 0.46170593152822165, 1, 3
0.7755428523070187, 0.3780299885243632, 2, 3
0.8628965246378488, 0.2646710949293259, 1, 3
0.7416550181875972, 0.529169574927879, 1, 3
0.8033681664275876, 0.37301763726140724, 2, 3
0.6335463676808595, 0.44168360233121695, 1, 3
0.8044348179567135, 0.44755582867627053, 1, 3
0.8654769923947343, 0.22833761621395346, 2, 3
0.7909527819473071, 0.3964326378049764, 3, 3
0.626370445774109, 0.3706518574520999, 1, 3
0.7477625034414958, 0.22389923011581003, 1, 3
0.9747006828311532, 0.10657774285239259, 2, 3
0.7061213074502406, 0.1986090299302341, 1, 3
0.5861260059876824, 0.40323579954039135, 1, 3
0.660802870483661, 0.4057788420918694, 5, 3
0.7533906807318503, 0.5268551357936019, 1, 3
0.8383121345787783, 0.3258352783984182, 3, 3
0.7499592796149427, 0.5020204870385974, 1, 3
0.8190290707525512, 0.1848138196462939, 1, 3
0.7117558574400793, 0.1655575736730085, 1, 3
0.688099303374909, 0.2956729245369771, 1, 3
0.7790803440978878, 0.2459507806195127, 3, 3
0.5715572085659775, 0.5468928497879396, 2, 3
0.844555863180861, 0.17369553913547128, 3, 3
0.6631007193694547, 0.26868589083573347, 1, 3
0.6823585901203305, 0.31121608382695454, 2, 3
0.66492861181841, 0.5087793328686137, 2, 3
0.7147773033824796, 0.2210139896283122, 1, 3
0.7594080041312025, 0.22877436763093761, 2, 3
0.6218289935612478, 0.3528076582274702, 1, 3
0.7193515430209106, 0.2513784484157294, 2, 3
0.6047133536730972, 0.3347646210634381, 1, 3
0.7427335753377737, 0.19788887263633764, 1, 3
0.8058913088267832, 0.14355944925130204, 1, 3
0.9344688112580779, 0.1439569532245168, 1, 3
0.7047481747736417, 0.550395711354807, 1, 3
0.7892959430871858, 0.1306691893980793, 1, 3
0.560857669567845, 0.5640571687189627, 1, 3
0.5580676474756748, 0.5219643151861815, 1, 3
0.7614038987874839, 0.48407127777670955, 1, 3
0.7714602658435112, 0.44837501560383275, 1, 3
0.6024084178956816, 0.5190089434026437, 2, 3
0.6661389074716364, 0.5241231247650765, 1, 3
0.706490344531984, 0.439334674444587, 1, 3
0.5163619154704641, 0.46721703986514684, 1, 3
0.898820625381588, 0.25628948371651694, 1, 3
1.0, 0.1658370438372121, 1, 3
0.5543920384784498, 0.4581559429468067, 1, 3
0.9795733218988701, 0.12335099390137749, 1, 3
0.5768104807949449, 0.5863948791056715, 1, 3
0.8868205977639985, 0.18548067314717964, 1, 3
0.6123751878154311, 0.5330444042175816, 1, 3
0.5228699844007378, 0.43598191139939374, 1, 3
0.9046183690391671, 0.20978967030332235, 1, 3
0.90879363940058, 0.17980739771633153, 1, 3
0.5963760144446175, 0.389520776782845, 1, 3
0.7659174699491307, 0.772454484908118, 62, 4
0.7296386404614593, 0.7024986055684939, 33, 4
0.7383363074310441, 0.7222532378176815, 88, 4
0.709114051683925, 0.6708433599879766, 37, 4
0.6695063269295194, 0.6021111123005861, 16, 4
0.6855270117751349, 0.6318211421960414, 23, 4
0.8072072369451251, 0.8418648879779858, 16, 4
0.7467302169265088, 0.7355294517907008, 66, 4
0.7963810067018181, 0.8273824501184619, 21, 4
0.6773841667126652, 0.6127580601877185, 12, 4
0.6720526175180839, 0.5967426987718025, 8, 4
0.7778290081239446, 0.7945478947494463, 45, 4
0.6728304564545021, 0.6085550424542678, 14, 4
0.6945699006568113, 0.6465905942340368, 32, 4
0.7735758622321206, 0.7862759417909085, 59, 4
0.7611392724696268, 0.7632122252214584, 54, 4
0.7137860022735812, 0.6808560864603562, 47, 4
0.7856252947463428, 0.8113002673011627, 32, 4
0.8151873928342888, 0.8629645176153912, 12, 4
0.7245268662570706, 0.6972482003776319, 59, 4
0.7180072015665299, 0.6855811471897956, 60, 4
0.7487190694660222, 0.7415511453886908, 82, 4
0.8131912574242741, 0.853773136861539, 13, 4
0.7702884865766191, 0.7805247496665715, 46, 4
0.7063615596109319, 0.6655397736301516, 47, 4
0.7414715503737107, 0.7278863159771083, 71, 4
0.7286569392809119, 0.7074494934448101, 61, 4
0.7587516952848721, 0.7581239056456569, 65, 4
0.7029726115417075, 0.6581209807550861, 44, 4
0.7815320766299302, 0.7998614981153476, 48, 4
0.8035254911450552, 0.8351264526689212, 16, 4
0.6991433881403483, 0.6504847651339986, 28, 4
0.7326311347202418, 0.7157081157902574, 54, 4
0.7121997904276028, 0.6753294297187172, 42, 4
0.6820659042047206, 0.6227303462657283, 22, 4
0.7923931060605864, 0.8163549379729412, 25, 4
0.7216798981559117, 0.6918855985060745, 62, 4
0.6933708205855095, 0.6395331356900421, 36, 4
0.6614034011777066, 0.5842781200335754, 9, 4
0.653879720913794, 0.5709256545327513, 3, 4
0.7530461917692587, 0.7526927328533822, 59, 4
0.7933722810644013, 0.8225228259775045, 17, 4
0.7542930647790126, 0.7474775320766783, 57, 4
0.6482867190942614, 0.5607451339576426, 4, 4
0.808329912572574, 0.8477139579701422, 15, 4
0.8351047462962934, 0.8966354434824759, 2, 4
0.8223997523882131, 0.872926883447915, 7, 4
0.7343124053649766, 0.7109218857748567, 40, 4
0.8293161879800981, 0.891025264427259, 5, 4
0.6906541962445883, 0.63445164319613, 12, 4
0.6372122644200903, 0.5421806959390753, 2, 4
0.7623993816756363, 0.7686850951243642, 40, 4
0.6809149727486193, 0.6175734654903992, 7, 4
0.7837209946335159, 0.8056079969645021, 31, 4
0.6428431195044408, 0.5485646603797174, 3, 4
0.7984103695114327, 0.8342344516983246, 12, 4
0.7421423261756028, 0.73269736416786, 33, 4
0.6117446768619765, 0.49890902431047934, 1, 4
0.8444010990064519, 0.9141352991445266, 1, 4
0.724348129437437, 0.7027662655578014, 23, 4
0.8250688001121379, 0.8782993737838337, 2, 4
0.6568522233209708, 0.5775216825485568, 3, 4
0.8297018126674062, 0.8851639828470083, 1, 4
0.770705372760647, 0.7754813873399493, 10, 4
0.6650713319015664, 0.59196027245395, 5, 4
0.6517207251418956, 0.5655972603508838, 1, 4
0.737221328323945, 0.7173170647402329, 22, 4
0.7774995649788938, 0.789805744623813, 7, 4
0.6036581922992277, 0.48526152979961457, 1, 4
0.6295128174566988, 0.5258336047192519, 1, 4
0.6882025603262757, 0.627637580278785, 1, 4
0.6465595277822082, 0.55407236521187, 1, 4
0.6333816571994285, 0.5326166964926703, 1, 4
0.6060730380013892, 0.4791819965191184, 1, 4
0.7039808072358121, 0.652432089830713, 1, 4
0.8029951427822462, 0.8447255183976663, 1, 4
