0.35297960901398634, 0.3962952307235, 2, 1
0.2339794538692868, 0.18563282102423354, 5, 1
0.21510832578760292, 0.21201754275360069, 1, 1
0.29483703268381933, 0.3698133202842237, 17, 1
0.3675411794568812, 0.37626292508841064, 2, 1
0.2462120065640966, 0.34186126303788794, 5, 1
0.28285926944457257, 0.36762112594740864, 15, 1
0.3675908578472362, 0.4951199260818201, 2, 1
0.3140402340078866, 0.46070295785783083, 8, 1
0.3284066314823011, 0.4284389641349714, 6, 1
0.29970401773604244, 0.3551905221575115, 21, 1
0.2908393861473657, 0.3343363989371193, 15, 1
0.3125808226896306, 0.27303884708954296, 9, 1
0.32126278371193456, 0.5344173043365082, 2, 1
0.31914060433449515, 0.30092269718341647, 3, 1
0.30003514700813577, 0.3825066307333349, 16, 1
0.2724871899666435, 0.36043835048888045, 12, 1
0.269146090250152, 0.22464597076784903, 7, 1
0.26736760139762816, 0.3997076803573718, 9, 1
0.22833635878625214, 0.23357690176495538, 7, 1
0.2636841249094031, 0.3518060515780591, 5, 1
0.2618584067369009, 0.2915607961248651, 9, 1
0.27548846928812387, 0.34878019006057026, 16, 1
0.28480370228646823, 0.3283839328413953, 10, 1
0.27534520849524, 0.3097956692034752, 27, 1
0.29923025208223625, 0.4875152567217406, 7, 1
0.31437967468629097, 0.34095576708621983, 9, 1
0.33936809558351044, 0.3414558705997876, 5, 1
0.3579857978386553, 0.5248679613581461, 2, 1
0.3253793953483361, 0.3312861425589714, 7, 1
0.23767389679561368, 0.3151955805164194, 3, 1
0.2604543372612608, 0.22159570364325823, 5, 1
0.28996516573329795, 0.3622608751687415, 9, 1
0.24198139594452453, 0.2802175035998517, 11, 1
0.3198864953878997, 0.31661227921822005, 5, 1
0.2671515853181191, 0.29921548638229645, 10, 1
0.2828461764750802, 0.4089545648406345, 6, 1
0.29263875583276927, 0.4678837499523119, 4, 1
0.33833499076576456, 0.3885196899025609, 3, 1
0.2728848677213322, 0.2598009642665815, 14, 1
0.22954919083340666, 0.29680669500782164, 2, 1
0.31496505412188186, 0.40058859234734695, 11, 1
0.2966778442158123, 0.31491804759072056, 28, 1
0.3287648067330395, 0.419994832728797, 8, 1
0.20822479185135126, 0.2697283488049223, 2, 1
0.3123578858597681, 0.3777155505096749, 10, 1
0.2968059882092209, 0.4042881625941058, 10, 1
0.23695528909350907, 0.38538286289824114, 2, 1
0.29385638073030873, 0.42349887222057875, 10, 1
0.24004374036985965, 0.298906560402492, 7, 1
0.2733696640291473, 0.38198810163856645, 16, 1
0.2544468247287179, 0.1972180371417478, 9, 1
0.3072837327806103, 0.39623035691517594, 10, 1
0.32507374170350734, 0.43608353267097577, 12, 1
0.33786344782499056, 0.425305558434268, 7, 1
0.2829093053550106, 0.4381047080616764, 4, 1
0.23899620178225972, 0.28785599929484024, 7, 1
0.2688635281678121, 0.19928107806313916, 5, 1
0.2817052742062186, 0.28006993162889704, 20, 1
0.2585926515431708, 0.29943912059056327, 10, 1
0.3195771986909732, 0.4286776333341824, 9, 1
0.2414710167813091, 0.2637259214137831, 4, 1
0.24614658121028105, 0.2461458835073529, 11, 1
0.28385842221492336, 0.37786813251894014, 14, 1
0.21856326977639332, 0.23898742938205927, 2, 1
0.3433272822320699, 0.5193854973177897, 6, 1
0.3209457268444941, 0.38729626579488624, 15, 1
0.26478072401999364, 0.2067312748945062, 6, 1
0.3141752229988271, 0.4915078136915692, 7, 1
0.29236210163315435, 0.2438033448798689, 3, 1
0.25709501390626177, 0.10696680069830584, 1, 1
0.31886995131870577, 0.45485400355911865, 5, 1
0.21373767667558316, 0.15671378870802408, 4, 1
0.24676348473611429, 0.35307402755226275, 1, 1
0.3268189179745002, 0.5441449881724612, 4, 1
0.28666929647371137, 0.3422024137018233, 18, 1
0.30224893096507044, 0.44370137175444396, 5, 1
0.2487666026090375, 0.10243648980323268, 2, 1
0.2904747069046021, 0.32048378236165187, 9, 1
0.23875197419894872, 0.2385025707036292, 6, 1
0.20735800989941466, 0.008013020741489907, 1, 1
0.3619506263586547, 0.47546667566847906, 7, 1
0.27922819719497954, 0.46534880550711577, 2, 1
0.3378825080322974, 0.46253762589094227, 11, 1
0.24521816710988686, 0.16717997726220468, 2, 1
0.22955128245562464, 0.27099584476801, 4, 1
0.35237205940131316, 0.3449143514555464, 3, 1
0.31255983896245115, 0.41162511965625465, 16, 1
0.28434014621472775, 0.42800876774548147, 3, 1
0.37249983649548973, 0.4608806511793739, 2, 1
0.33757642100649254, 0.47484213693120403, 10, 1
0.2947742601172364, 0.3028113380364802, 15, 1
0.2681810671323518, 0.28251480750166785, 7, 1
0.24094686754331648, 0.15652310446754317, 5, 1
0.3178086326505887, 0.26546980054538494, 3, 1
0.2597611934511536, 0.329903607155982, 11, 1
0.3489627796713891, 0.4441661993363299, 5, 1
0.32743686991825216, 0.40570197669363234, 6, 1
0.19930115671955123, 0.1811095680938014, 1, 1
0.35884896466649224, 0.41100791919834495, 1, 1
0.3477919224096719, 0.50024129371487, 8, 1
0.2725911349254639, 0.36888633675417787, 6, 1
0.30789534495102705, 0.32867812321009127, 9, 1
0.27967561118872236, 0.3184853944621741, 13, 1
0.3186556627204071, 0.3676119148805203, 12, 1
0.3248930542469026, 0.361757323697415, 6, 1
0.29567371137199766, 0.2859241595793175, 16, 1
0.2837421856277539, 0.29547854583311006, 24, 1
0.2884422746344746, 0.2645106591785304, 4, 1
0.32670378990848803, 0.4543216266347832, 8, 1
0.28569434203958183, 0.21155291172921675, 3, 1
0.31137226167586446, 0.3166818154395316, 15, 1
0.3432724390802707, 0.637296521205759, 1, 1
0.3383864501329739, 0.5569078644332234, 5, 1
0.23442324439685053, 0.30838290351218417, 3, 1
0.29184030329550703, 0.3973728794569347, 10, 1
0.23777083824167436, 0.2229236747802963, 10, 1
0.3041702175548318, 0.3426135665112068, 15, 1
0.3499617467633423, 0.4243510373364324, 4, 1
0.24669655579772048, 0.30725782038771754, 5, 1
0.33596114952306527, 0.3500999113495301, 4, 1
0.3001468658263937, 0.4122755841076882, 10, 1
0.3319786127284723, 0.48488182935328916, 8, 1
0.3483785885036204, 0.5460467120061964, 2, 1
0.272547619058106, 0.27167237426689106, 20, 1
0.21330335880547685, 0.2211151163016739, 1, 1
0.28941566902432475, 0.383930527143496, 6, 1
0.3131341326537232, 0.3555619615196733, 13, 1
0.3049602690404964, 0.4618120687867459, 5, 1
0.3417215797987275, 0.3727793985749869, 6, 1
0.27260507862192723, 0.24587179945044427, 7, 1
0.27922841658242625, 0.4220056012864415, 4, 1
0.24825783471948915, 0.21229930602888983, 6, 1
0.27620820627162096, 0.33944212737811685, 14, 1
0.23994872103287895, 0.19495342967419463, 3, 1
0.29962314953752417, 0.3249164765245172, 10, 1
0.30549880221131565, 0.20281498360680422, 1, 1
0.3703949102717077, 0.4822662763794042, 3, 1
0.33303179403630545, 0.3186406801356217, 3, 1
0.30778542216205035, 0.42531005401502997, 11, 1
0.33700261997116776, 0.4357621557475881, 11, 1
0.25747076769543287, 0.28065099244010233, 6, 1
0.2471806200739671, 0.2015510198477954, 2, 1
0.3162568147750739, 0.4404402277865818, 9, 1
0.37436774151075924, 0.5386723063155696, 3, 1
0.36892550026016935, 0.6136728223270913, 1, 1
0.23092349196641287, 0.12832315589871174, 4, 1
0.3198317619874538, 0.5566119930992777, 1, 1
0.29819831183129203, 0.4358306363908834, 7, 1
0.2829192760863841, 0.3888813771643664, 9, 1
0.329979044529444, 0.38061411759747615, 9, 1
0.3350453548504842, 0.39910462392189333, 5, 1
0.27834417811238854, 0.22741954269047593, 4, 1
0.30621290024211734, 0.36469072392071, 12, 1
0.3742504026843888, 0.4432653969806499, 1, 1
0.28659525507485917, 0.19877339757254375, 5, 1
0.2941950949500521, 0.47951634443333413, 1, 1
0.2985550130043137, 0.276129874290781, 6, 1
0.30383031166523145, 0.2459005062100812, 4, 1
0.36416926502150704, 0.3926384506310491, 2, 1
0.29030492722741263, 0.3516118369009597, 7, 1
0.35015066220367447, 0.40645349210857595, 5, 1
0.22150480326690564, 0.4375469678267622, 1, 1
0.25248545820151524, 0.2343922025056297, 5, 1
0.31847834060536806, 0.2329849166187552, 1, 1
0.2814908314924005, 0.15236369811018216, 2, 1
0.23800023479812177, 0.34198517706794723, 3, 1
0.278080188861818, 0.3317483247290643, 7, 1
0.2551116537005475, 0.34918949960987394, 5, 1
0.3217983100335369, 0.2828879600171282, 3, 1
0.33074223821576765, 0.44659897018897476, 5, 1
0.2896078262478778, 0.27588399385760065, 8, 1
0.2225594226861285, 0.08884727775488213, 3, 1
0.2677102328223832, 0.31683708065945676, 16, 1
0.2791642803793815, 0.25065760620446376, 11, 1
0.33320642669471406, 0.3618520854000393, 11, 1
0.3457444948853352, 0.4155936098711803, 4, 1
0.2580642033891529, 0.3581600922999836, 4, 1
0.3174372872700768, 0.32715450874210633, 7, 1
0.23432089676438683, 0.17702319196354338, 3, 1
0.3115965980611757, 0.294512063415071, 2, 1
0.2711448504187238, 0.4156092739188624, 6, 1
0.38530190993682173, 0.594387593806976, 1, 1
0.22576629386026303, 0.16924525811010308, 1, 1
0.26372265281511253, 0.3879413693223204, 4, 1
0.30653128836277915, 0.3882553767884279, 9, 1
0.27063100958192104, 0.17650539577984975, 3, 1
0.3361129102106893, 0.502334084149415, 6, 1
0.2791378771590018, 0.2350600396890926, 6, 1
0.15375973711387853, 0.1433901941755351, 2, 1
0.2843744072002685, 0.30512678894329737, 14, 1
0.21690618609302464, 0.259018523784141, 1, 1
0.24765828537659754, 0.366270963534916, 2, 1
0.3156958920614249, 0.17056353489632603, 1, 1
0.23229776399674415, 0.13954764491132615, 2, 1
0.23044921119253453, 0.3504855925110664, 2, 1
0.2557288507508493, 0.21058216126163617, 4, 1
0.21315917010086496, 0.25170020366329543, 2, 1
0.34897216661788993, 0.4339156384455764, 3, 1
0.3360665017956636, 0.33354908753562845, 3, 1
0.2817921296131983, 0.4485866121291866, 3, 1
0.2885161685884388, 0.16966451761319767, 2, 1
0.2943957503279988, 0.4467356347185091, 3, 1
0.26834568051520935, 0.45289940676996615, 1, 1
0.25153150297165994, 0.3148967005892373, 8, 1
0.18827233094499457, 0.2994238531633869, 1, 1
0.3374269110351093, 0.4516318492189491, 4, 1
0.33065066168730334, 0.34264315235452514, 3, 1
0.3615575754351423, 0.44411484198877377, 2, 1
0.3113350440473326, 0.28656197253781185, 5, 1
0.22452421896940922, 0.262993812546277, 5, 1
0.2754517917543481, 0.4335862471347824, 1, 1
0.33127233575995363, 0.5194031373837407, 5, 1
0.30791875746144215, 0.5089441877661668, 3, 1
0.2512541939127135, 0.28765774573302866, 3, 1
0.27456701491043284, 0.32466639825291604, 6, 1
0.24262024040077146, 0.08589059766599488, 1, 1
0.22131821537314933, 0.290516363582652, 2, 1
0.24735882352209687, 0.22368339735766454, 3, 1
0.26553222986401587, 0.24724565527844222, 6, 1
0.2255696731088102, 0.18923584268867152, 7, 1
0.35338309787140276, 0.4886175144842266, 5, 1
0.3574826179029317, 0.38776907129125954, 2, 1
0.2916848248377584, 0.4150259118584164, 5, 1
0.30660002237735173, 0.4041548018184106, 6, 1
0.39819775080174724, 0.5285556638123967, 1, 1
0.27032746643019623, 0.23668386742381523, 9, 1
0.25802580180479184, 0.3077278819686872, 8, 1
0.3983041057860086, 0.5621417020448413, 1, 1
0.20504195028780675, 0.2160551002695228, 3, 1
0.3507853550834168, 0.3661452755282566, 6, 1
0.24359856369161623, 0.2562990295743128, 5, 1
0.24415733980016838, 0.2334050531069381, 2, 1
0.2679560768819647, 0.18681618910079303, 3, 1
0.37031948431711587, 0.5315005030488348, 1, 1
0.2631753741016059, 0.49716002427091244, 1, 1
0.31507172273107403, 0.25686234045221346, 2, 1
0.2659231749259347, 0.21508591905563945, 5, 1
0.21891382396453307, 0.33327522007439314, 2, 1
0.25354508909134005, 0.3797244620921075, 3, 1
0.3207882770498539, 0.37735072377533624, 12, 1
0.2752571541096475, 0.2938232674382861, 9, 1
0.2530576258947016, 0.13502348790868343, 2, 1
0.348673829507808, 0.47059387188098123, 4, 1
0.27353376751021785, 0.11390145005645064, 1, 1
0.30323156461473333, 0.3752410564894229, 11, 1
0.3072834601872828, 0.3048929621318885, 6, 1
0.2537783803330864, 0.17513410359027456, 2, 1
0.3865044269288856, 0.4033549213809399, 1, 1
0.3620318365288647, 0.4659523017519278, 6, 1
0.3044833717457176, 0.5328587886849946, 1, 1
0.2946056431218815, 0.257295154113325, 5, 1
0.23095945572362575, 0.3388038598987841, 1, 1
0.3494029562175688, 0.5341749993053153, 3, 1
0.2535582592020696, 0.41040096716322083, 4, 1
0.31381344522541604, 0.39009852418748303, 9, 1
0.2898322163459236, 0.4350855766213994, 1, 1
0.20050728696394932, 0.024698939982912838, 1, 1
0.2586284951047624, 0.24332846449523332, 11, 1
0.3213255975035706, 0.3959964532835752, 12, 1
0.2594858833634487, 0.39736619728184275, 6, 1
0.2790068593549666, 0.1931831885145669, 5, 1
0.2495680119827367, 0.29592798100998396, 4, 1
0.23317809844107712, 0.2132060953545596, 3, 1
0.2464627763005192, 0.1908549839856181, 4, 1
0.21160273085342188, 0.27812282321678583, 3, 1
0.29261968302260477, 0.17792052198870928, 3, 1
0.22142435659411305, 0.13725867046333726, 2, 1
0.2398584031050106, 0.13891852577628255, 1, 1
0.24124302518645058, 0.20618856136513788, 5, 1
0.19832278002184323, 0.14899237351437078, 1, 1
0.2557076949686224, 0.2660872965550088, 4, 1
0.3487423569523832, 0.4617186066734707, 2, 1
0.28381930362393043, 0.35554739813318836, 12, 1
0.36438597793540856, 0.40054268593029413, 1, 1
0.313119254837431, 0.44798482823360714, 9, 1
0.3326555625734008, 0.4118465631603023, 9, 1
0.2587755075820743, 0.18817045030723262, 3, 1
0.32794252113782213, 0.35094682901654073, 2, 1
0.2452501631408327, 0.1795392714204728, 1, 1
0.36736237698856, 0.4317310229508434, 2, 1
0.26652131010192887, 0.33583280183874764, 7, 1
0.32757271562684276, 0.5084156678327612, 1, 1
0.21915455599732125, 0.227251811399925, 1, 1
0.27552110246758843, 0.3959770882379209, 4, 1
0.2868790102035853, 0.2232354093618924, 3, 1
0.29383792310156587, 0.1556008384195629, 1, 1
0.25823518517522503, 0.48028435634493766, 1, 1
0.19996930358980897, 0.20326802213586603, 2, 1
0.3104954413894134, 0.21235336039862257, 1, 1
0.2574802941673727, 0.42698336120025737, 2, 1
0.3050526282632237, 0.22613101958873055, 4, 1
0.3130632297694697, 0.5301006442038468, 2, 1
0.296972366053107, 0.22899433814962578, 2, 1
0.3065438242543494, 0.26350912719777525, 6, 1
0.2573691224685504, 0.15496123942807874, 2, 1
0.2585613115050412, 0.36654752781735617, 4, 1
0.3476240095556852, 0.4530759676592711, 2, 1
0.272589342281814, 0.4692813286908736, 1, 1
0.3155855818027789, 0.48004758878684034, 5, 1
0.2505776191087364, 0.3236097713423685, 7, 1
0.25889415588449577, 0.25185498833077735, 9, 1
0.24293558997698192, 0.27179941529019774, 4, 1
0.3009812527154583, 0.33462556335155563, 7, 1
0.24868324935878344, 0.14755297002491277, 3, 1
0.325622684077186, 0.29710607018420915, 1, 1
0.19454617965865695, 0.11589291868773303, 2, 1
0.3016610970704576, 0.4202772168563299, 6, 1
0.30547555959822026, 0.281224809769872, 2, 1
0.2863407287997516, 0.23871576692392527, 1, 1
0.3262344051176035, 0.5279980155756797, 2, 1
0.23412570205271838, 0.2587920745394414, 6, 1
0.3568671391828823, 0.5050052668820142, 2, 1
0.2826785061387298, 0.2696330916189512, 3, 1
0.22486151140067817, 0.15721602008324417, 3, 1
0.1771259611131758, 0.13758471105155257, 1, 1
0.2950167348738557, 0.21208232091700602, 1, 1
0.319389924663852, 0.468328986419807, 6, 1
0.2418887653061194, 0.2162427102164203, 4, 1
0.28611240241852537, 0.48635167654114586, 2, 1
0.2361020218230231, 0.32997549860111575, 1, 1
0.26328492041328233, 0.23206082419351953, 4, 1
0.2523054929180282, 0.27348764398030256, 7, 1
0.39570579188506494, 0.5694584383367073, 1, 1
0.21556837920921812, 0.1244756557548709, 1, 1
0.30425799009016885, 0.5014793007200387, 1, 1
0.37513554901290663, 0.5680757551622336, 1, 1
0.24859325583308528, 0.38561090397171127, 2, 1
0.2765455420085179, 0.21535446511601783, 5, 1
0.3037967744900585, 0.2547258571952238, 1, 1
0.23079485622663914, 0.28846298003372817, 1, 1
0.3218381485518317, 0.41521519959094044, 8, 1
0.23233059600621633, 0.14978171549705857, 2, 1
0.32874822002683396, 0.36860607703405723, 6, 1
0.295802666320414, 0.5108084868312873, 2, 1
0.31995782034501424, 0.35161564533268574, 3, 1
0.3287245171918319, 0.5361457924308047, 2, 1
0.3364196644991108, 0.5399655991671627, 1, 1
0.25779901867672955, 0.16608386306923031, 2, 1
0.29815251646214586, 0.34759774074842115, 6, 1
0.2991835025142748, 0.5242184071158419, 2, 1
0.34884287000349035, 0.33192465504963686, 1, 1
0.3548666096675136, 0.6235207183948253, 1, 1
0.31775349372941614, 0.5175145805749709, 2, 1
0.21632172443278513, 0.19453167186066167, 1, 1
0.34215147092024784, 0.40208841269411855, 3, 1
0.3082451351457534, 0.4331383689169591, 5, 1
0.3398537033041853, 0.4904342283536464, 3, 1
0.24430831513228302, 0.33210287549349, 4, 1
0.2626753300587714, 0.433371231760211, 1, 1
0.32500013656941407, 0.4755805555874168, 2, 1
0.3495979129822467, 0.4818802538815397, 3, 1
0.39136077160387317, 0.4409484213608718, 1, 1
0.3600662528899317, 0.5710389000313137, 1, 1
0.24068617023037592, 0.11292094986394113, 1, 1
0.22229485383816516, 0.19961885580475022, 3, 1
0.32247503814593653, 0.4464779031445733, 1, 1
0.2745586954577094, 0.14292469059012647, 1, 1
0.30709963232189186, 0.47212213230643535, 3, 1
0.382933187556096, 0.4773079088955208, 1, 1
0.2909220451895384, 0.45578871060551707, 1, 1
0.23150747554008477, 0.24388305135404192, 3, 1
0.2766641821781907, 0.4050349514808659, 2, 1
0.2693558625752772, 0.42569933016446115, 1, 1
0.19363928797923718, 0.15995300391118766, 1, 1
0.22141870567036245, 0.17656826759163238, 4, 1
0.2771815914477263, 0.1854102112725145, 1, 1
0.22814010649500258, 0.28063536566886277, 3, 1
0.2869054135987083, 0.28524891100157856, 5, 1
0.34159598235919464, 0.5310727171659398, 3, 1
0.3018616630001841, 0.2966632457902462, 1, 1
0.244291248636622, 0.12141569346935221, 1, 1
0.2684952069987958, 0.3433815979835343, 5, 1
0.3410248829119743, 0.30786546060332065, 1, 1
0.32203203008821585, 0.34369553037340805, 1, 1
0.3892461069960302, 0.43095006921519063, 1, 1
0.1892294998135701, 0.17125058227025558, 2, 1
0.2606946802036359, 0.27187761988418013, 5, 1
0.35953100672945, 0.3799592590276971, 1, 1
0.3584823617066827, 0.3087683755108636, 1, 1
0.21947514723632328, 0.15052579578192493, 1, 1
0.3475902979581291, 0.5703110678517387, 2, 1
0.24206084820782703, 0.37451769365962606, 1, 1
0.34086378630125097, 0.5983146812498839, 1, 1
0.32965634383433734, 0.3896491483921131, 1, 1
0.38147083674634785, 0.45680945094965286, 1, 1
0.26409216565070553, 0.37489304269294366, 1, 1
0.36707203186777376, 0.5173287433547964, 1, 1
0.32195637964146284, 0.2737726499180767, 1, 1
0.3300449082948367, 0.28683453653195684, 1, 1
0.3615141813262469, 0.4868561119660359, 1, 1
0.1972177142223407, 0.2530633347883908, 1, 1
0.3665902239184912, 0.621662873566203, 1, 1
0.38313039092788204, 0.526368846403495, 2, 1
0.3425996144739515, 0.382469743638221, 1, 1
0.19629201999729629, 0.1939077959880856, 1, 1
0.2241720710914767, 0.1447874519412899, 1, 1
0.2633858572034413, 0.40903043710359693, 2, 1
0.3527477827127551, 0.597551254990825, 1, 1
0.3545345601800769, 0.5790680739402945, 1, 1
0.2506362433535472, 0.39732245083257256, 1, 1
0.23534903758040532, 0.16556997292959413, 1, 1
0.22588649336239347, 0.3041784563417057, 1, 1
0.2508558468398717, 0.11470470429645596, 1, 1
0.22595493419485863, 0.2544025655066389, 1, 1
0.2659566965682421, 0.3068611792426304, 1, 1
0.3699057353238028, 0.5570426419235915, 1, 1
0.2561885831999983, 0.41849796151147445, 1, 1
0.26085336395189057, 0.31966202432540025, 1, 1
0.24257886230762266, 0.39776037723307445, 1, 1
0.33292156649312166, 0.29478221649963887, 1, 1
0.2502221105499814, 0.26060175148127485, 2, 1
0.2668339307256482, 0.2647211527792196, 1, 1
0.31350948803192313, 0.41897405455507464, 1, 1
0.39825501192259255, 0.5886376531542327, 1, 1
0.17174111749377635, 0.0, 1, 1
0.27540247681242647, 0.7973869577566346, 18, 2
0.21254709547722453, 0.7832733892069818, 31, 2
0.24070668696362837, 0.7641115378117576, 23, 2
0.18946459837188998, 0.8239579900184654, 22, 2
0.37140755792573316, 0.6691400078826774, 25, 2
0.03571776082004923, 0.8895010874739926, 1, 2
0.3180545384428734, 0.7800282898843394, 11, 2
0.33109070572394855, 0.6211056037697832, 8, 2
0.2616694543795638, 0.6853420256260437, 14, 2
0.37433018370087895, 0.6408574155306088, 27, 2
0.28528551481948, 0.7783511420421514, 24, 2
0.34296489371807226, 0.6407346642864179, 13, 2
0.3081631917769353, 0.6760840124382033, 35, 2
0.35313609130067236, 0.6546758468402556, 19, 2
0.306066978307503, 0.704020166947458, 38, 2
0.34300508718227707, 0.7654089187356038, 12, 2
0.2164387264862929, 0.8134685413565235, 28, 2
0.342134956860044, 0.8232451521708791, 5, 2
0.22495287272666817, 0.7572305415180318, 29, 2
0.2557789457819526, 0.7209755599719121, 30, 2
0.15141637010588369, 0.8290178295764049, 8, 2
0.36643905182861475, 0.6251615187783846, 12, 2
0.1789268614110694, 0.7926575005822387, 11, 2
0.3261465725631201, 0.6745443400214833, 25, 2
0.23970333935790286, 0.742042545964413, 25, 2
0.34611991623111055, 0.6757199720696976, 39, 2
0.2916888179347943, 0.6625532583601033, 20, 2
0.4156058962170026, 0.6693544876451439, 15, 2
0.3033212032066164, 0.725267062114217, 28, 2
0.2089284321862803, 0.8791603323065332, 6, 2
0.1482253627797536, 0.7951336084042907, 13, 2
0.2644635173886581, 0.7781244634130035, 27, 2
0.16478980484184885, 0.8432304243077026, 12, 2
0.35414875703016474, 0.7133379609444388, 29, 2
0.28381850906222456, 0.694533377058398, 24, 2
0.2735027948293326, 0.6687374164691431, 5, 2
0.20904431879183483, 0.668104901111445, 2, 2
0.27112311312069715, 0.7539688989155844, 41, 2
0.4167748074152292, 0.6490719808244957, 13, 2
0.38878227792277575, 0.5867469297293988, 8, 2
0.1942267520848735, 0.794925838133679, 25, 2
0.42235687648282, 0.6257228942088392, 11, 2
0.36422319628191274, 0.6958173153583685, 36, 2
0.2447810606262312, 0.827089390260571, 14, 2
0.16388358860143457, 0.8212855662582704, 12, 2
0.28691749112861636, 0.7169606341028318, 30, 2
0.39606005923228227, 0.639253379215765, 17, 2
0.18152959899267468, 0.8426157833941265, 15, 2
0.36023710580007134, 0.7370329485948869, 20, 2
0.3323853992764932, 0.6996518552952488, 25, 2
0.3860256207584977, 0.7724832161123896, 4, 2
0.29347870620635746, 0.7411584487810869, 28, 2
0.3194507093430569, 0.6452070639883273, 14, 2
0.24370537407551454, 0.7893499846780914, 37, 2
0.3415902189951288, 0.7409421370616334, 19, 2
0.453459362250975, 0.6228627186963873, 4, 2
0.3190713103285784, 0.6912104039842893, 23, 2
0.21446085517137667, 0.7387018053913139, 21, 2
0.3214888598110851, 0.711920236049443, 15, 2
0.4318053011771447, 0.6423283273287625, 5, 2
0.23390039574793264, 0.6918570242238455, 8, 2
0.5402484698196762, 0.563477702124351, 1, 2
0.21058655979066235, 0.8419122578234224, 13, 2
0.1790890613174018, 0.896433446315777, 2, 2
0.2747615915464978, 0.8481031127498919, 4, 2
0.42117074085103234, 0.5736875126601512, 5, 2
0.3140394176197827, 0.5954868381241297, 3, 2
0.1705809128772624, 0.7752772871797043, 9, 2
0.13714675406870347, 0.7694911467039225, 1, 2
0.3672654424280482, 0.6018864951332527, 7, 2
0.16532468837323167, 0.8629579307210362, 16, 2
0.36006255148930383, 0.5857050822635786, 4, 2
0.3836741068609759, 0.7161609332802934, 12, 2
0.3042759460171097, 0.7719827077189488, 10, 2
0.23876579465025058, 0.8475847421066725, 6, 2
0.465613964748999, 0.5434048237913639, 3, 2
0.3846310681866527, 0.6196218460046249, 11, 2
0.496414506141258, 0.5571272175852091, 4, 2
0.2981417964392596, 0.8048377732607128, 6, 2
0.3222729167906732, 0.7555112943604936, 21, 2
0.3892562212262615, 0.6904909123777919, 18, 2
0.25063185356727813, 0.650437090378682, 5, 2
0.13721218848756458, 0.8130384141619299, 6, 2
0.2101823920761626, 0.7588143238363823, 20, 2
0.25617088427172896, 0.7378471916372098, 18, 2
0.2706139445958062, 0.7097168832197392, 31, 2
0.29870897007124486, 0.6150606659067199, 3, 2
0.30302349650007326, 0.7546333587908873, 15, 2
0.20597427236443952, 0.7155946691954517, 12, 2
0.5253975306173193, 0.5262222524327446, 1, 2
0.12496817207957377, 0.912598460477295, 4, 2
0.3314010865685243, 0.7263020149497811, 29, 2
0.3180476167050141, 0.7368997636137067, 20, 2
0.14672296781998606, 0.860224811818501, 5, 2
0.07668809451247244, 0.8778261389363788, 3, 2
0.25515585007095776, 0.7578987704977649, 22, 2
0.261999554840404, 0.8099073163657992, 10, 2
0.1952550130621424, 0.7534150177865234, 14, 2
0.3313213916408871, 0.6572851468800265, 18, 2
0.014384583467566547, 0.9532994888170507, 1, 2
0.39904964371970053, 0.6021116085616076, 8, 2
0.23361283552718842, 0.8027166578312512, 19, 2
0.4403026887833808, 0.6306076613606568, 5, 2
0.4449325029793231, 0.7080798133864475, 2, 2
0.3915096194747545, 0.7299939170752714, 5, 2
0.0901727491461547, 0.9543068560687895, 1, 2
0.11209294724004691, 0.8009038913452985, 3, 2
0.4047840945569825, 0.7034583919944022, 10, 2
0.14724192933272695, 0.8932525634520001, 1, 2
0.5019263079110954, 0.5833030999379, 2, 2
0.13036123670679425, 0.8727889918705235, 7, 2
0.30145630421679276, 0.7894487204977876, 8, 2
0.10936369354435072, 0.9252736565347494, 2, 2
0.5088602674239052, 0.5147468333868424, 1, 2
0.10710787113892646, 0.8652280099960332, 5, 2
0.4258311611296478, 0.6075912808167069, 5, 2
0.18193016281872695, 0.8087329583129835, 15, 2
0.13449864823825497, 0.943292887195368, 2, 2
0.12977630817251942, 0.7553627142711486, 2, 2
0.33953148727963894, 0.7963884525952605, 2, 2
0.3024693507487986, 0.6375312365679667, 6, 2
0.46952413945535365, 0.6944694377237647, 2, 2
0.20517018213865257, 0.8583258158590537, 6, 2
0.45499408170732186, 0.5777984577077696, 6, 2
0.4688338038932176, 0.5162649901685419, 1, 2
0.2612691682008198, 0.8723587821834727, 2, 2
0.11501542871318844, 0.8869425277554436, 6, 2
0.5691881594785992, 0.5352029496238835, 1, 2
0.3199637949099702, 0.8059898272090101, 4, 2
0.17036079458874998, 0.9145401479357028, 1, 2
0.1885192911385202, 0.7758785153328396, 12, 2
0.021204936470786584, 0.9904968941634908, 1, 2
0.12880088839978807, 0.8302994004582488, 7, 2
0.4564123491941859, 0.6428130064180458, 6, 2
0.05371347147816474, 0.879167883141577, 1, 2
0.3476680227820005, 0.6152229456746167, 5, 2
0.3591387506659879, 0.7697634093627235, 4, 2
0.36760357814266076, 0.5678968718422015, 4, 2
0.07462186040211066, 0.9158062200236693, 3, 2
0.25232085623276085, 0.704072125485781, 9, 2
0.3717151847091171, 0.5345223877491025, 2, 2
0.27339877984542316, 0.7349537772346919, 31, 2
0.4272403080352563, 0.7131685237436127, 2, 2
0.18990713670024817, 0.8697691909838692, 6, 2
0.10044026035426562, 0.8226611184618532, 5, 2
0.4446236431200577, 0.5441963138880371, 2, 2
0.40706230119818343, 0.6194930627890519, 7, 2
0.18094569961429768, 0.7370116279353973, 9, 2
0.2791748596459443, 0.6433487469509053, 3, 2
0.508750709558412, 0.4977599010130603, 1, 2
0.2355676184606821, 0.7136691120013965, 14, 2
0.31466433352986073, 0.6183971338041524, 5, 2
0.4850370140957085, 0.5373787492590402, 1, 2
0.4482981978857577, 0.6656526907350734, 4, 2
0.21544748515699044, 0.6862441921892548, 4, 2
0.39659835404703037, 0.6646253643036036, 19, 2
0.259663968478208, 0.7940585321011101, 10, 2
0.2773536709458844, 0.8722099571797652, 1, 2
0.3827321879149024, 0.6031992246319423, 8, 2
0.14836711907755057, 0.8766625376657626, 2, 2
0.4530536934202883, 0.6835808312186248, 1, 2
0.41879798226858334, 0.5517404287654689, 2, 2
0.4242815887206345, 0.5892826254441232, 4, 2
0.27746938338118426, 0.8172248471075225, 3, 2
0.07370690610276709, 0.9393026536524828, 1, 2
0.5238745852594886, 0.6066831043486465, 2, 2
0.4764428019358705, 0.6006840218032619, 2, 2
0.17725428453412054, 0.8803398153696477, 3, 2
0.2220111916019866, 0.8565830786407868, 3, 2
0.34279709699696165, 0.5883819837412442, 2, 2
0.4454675703356764, 0.5904693075627434, 3, 2
0.4772716829457076, 0.5750780620343512, 2, 2
0.28944897398743746, 0.7632879712861318, 13, 2
0.4937169689060454, 0.6418189514030556, 1, 2
0.0511672203506402, 0.9369167085943968, 1, 2
0.4446660537800354, 0.6094514747608804, 3, 2
0.26906764614142364, 0.6086240301893516, 1, 2
0.10556348511395891, 0.9406291360563457, 1, 2
0.1541447439011072, 0.7480730257560688, 3, 2
0.16911715732914676, 0.7553725872720705, 5, 2
0.4838781461215431, 0.6172031816415492, 2, 2
0.20145975587815884, 0.8949747840652229, 1, 2
0.4792213723380968, 0.6574399427954687, 1, 2
0.03408181180132441, 1.0, 1, 2
0.2576570701930496, 0.8443363172261945, 2, 2
0.2991144908347213, 0.8340850630148793, 1, 2
0.0, 0.9216853049354388, 1, 2
0.11849486255590266, 0.8480301765192854, 3, 2
0.5341409479894336, 0.5469201686801523, 1, 2
0.40190415757716585, 0.7418098377024974, 3, 2
0.22881913587609048, 0.833510338455772, 3, 2
0.33883562469138206, 0.5618073286857835, 2, 2
0.2244848843996492, 0.8796270126830456, 1, 2
0.4945281239166485, 0.5988161851697296, 1, 2
0.59042657793745, 0.475959737311236, 1, 2
0.4049448833806214, 0.7681322564017337, 1, 2
0.16428902676628215, 0.8904713580451898, 2, 2
0.06505030402649087, 0.903902265468835, 2, 2
0.18265035339144786, 0.676627645182369, 1, 2
0.5115006848640252, 0.5645163073319778, 2, 2
0.10321690941011025, 0.9090514039299926, 1, 2
0.41307870859349743, 0.6853741080153181, 4, 2
0.1645920628454017, 0.7201997150734408, 2, 2
0.15426298886819037, 0.778893268607369, 3, 2
0.058129740844337585, 0.9598297348243182, 1, 2
0.4306171590729482, 0.5325335585905563, 1, 2
0.2384139400937894, 0.6622290776326574, 2, 2
0.03647700367983858, 0.9281501894339288, 1, 2
0.3764432421027118, 0.7403949542305451, 4, 2
0.3600720943079118, 0.7527973442671755, 1, 2
0.5474777492390749, 0.5044195711252599, 1, 2
0.20389630922781554, 0.6973203787296713, 1, 2
0.3831867271177978, 0.5648000530973206, 1, 2
0.5213538606910381, 0.6492859331679196, 1, 2
0.10210374462339822, 0.8502166657286813, 1, 2
0.258005359405801, 0.6700528745648264, 1, 2
0.23812006726651336, 0.9105600038319982, 1, 2
0.39835842693764395, 0.5582722984321753, 1, 2
0.03610958452298056, 0.9098416245235271, 2, 2
0.20163939958778526, 0.8094700667595824, 1, 2
0.30462067419531513, 0.6545209320174079, 1, 2
0.7306112735314795, 0.3099597798829656, 13, 3
0.8763565510296191, 0.26653553773472566, 9, 3
0.7232355533035082, 0.42356567294130854, 19, 3
0.6124967081916308, 0.4470455831122745, 12, 3
0.7389997693621284, 0.4219607071947217, 13, 3
0.706842054305107, 0.3713134179504575, 22, 3
0.6736209264825375, 0.42456620730347827, 31, 3
0.7145973217089746, 0.3102217596961587, 19, 3
0.8645720492080241, 0.2059687683012957, 6, 3
0.8450959620398582, 0.20281278024943597, 10, 3
0.8202447174666067, 0.24151125251142241, 17, 3
0.7910368693148396, 0.34625423669273137, 14, 3
0.7698234775258201, 0.33457419412787937, 40, 3
0.8080270721394975, 0.26845611816005044, 17, 3
0.8369170562280915, 0.18875368954362065, 8, 3
0.726472214987709, 0.2186157398564106, 2, 3
0.7588918351353316, 0.21899927757495397, 11, 3
0.6501812151462875, 0.33696912019275177, 7, 3
0.6477419808405861, 0.4918357395765078, 8, 3
0.6683865686740629, 0.35483445335587904, 22, 3
0.7666505880348717, 0.2518612401862248, 16, 3
0.8372805851467532, 0.28877797759438434, 16, 3
0.7272408715399539, 0.367486649548846, 35, 3
0.7682576523822149, 0.36858959604561453, 21, 3
0.7038114154692277, 0.4176741132265256, 30, 3
0.7393233432335863, 0.26479238710840913, 20, 3
0.7504719545438634, 0.4125473212903367, 10, 3
0.6924886364716075, 0.4577602614613155, 13, 3
0.784056332006486, 0.29485695024836095, 27, 3
0.8934107219096901, 0.17617152780068698, 5, 3
0.7161940645660729, 0.3921653793678232, 30, 3
0.6241939184950861, 0.42547312733559617, 7, 3
0.7087988216576618, 0.354180157957131, 15, 3
0.6499129667313767, 0.3717390796347371, 16, 3
0.6475688939510211, 0.4424439540607327, 18, 3
0.735435258981882, 0.3918444894328738, 28, 3
0.880681072601983, 0.35618095103680525, 1, 3
0.8488333396235435, 0.2251733917942445, 11, 3
0.7627584201909646, 0.2677374952821809, 22, 3
0.8304496254141754, 0.2675394397420281, 18, 3
0.7468904447343605, 0.3114653579828133, 19, 3
0.8487080070559618, 0.24985507410021987, 18, 3
0.7791090149769964, 0.19669476991154863, 8, 3
0.7807475452394949, 0.31608752315313476, 28, 3
0.8108702141423039, 0.28621769289667903, 30, 3
0.5794137172402521, 0.32445111054097986, 2, 3
0.7333362534415377, 0.29027863324392406, 19, 3
0.6199340996098692, 0.5813794689154148, 1, 3
0.542183144430284, 0.536458942910563, 1, 3
0.8482354440264602, 0.2725706768890955, 13, 3
0.5728995833538003, 0.47266350828250414, 6, 3
0.6782319876402426, 0.4427732353859141, 15, 3
0.6024989608548442, 0.5304693257241984, 4, 3
0.7174153650069656, 0.2888084238599383, 13, 3
0.7885777580471302, 0.26900207090212624, 17, 3
0.860071781760186, 0.1664291074930704, 4, 3
0.7620164786417792, 0.3997783040617526, 10, 3
0.7470193817935495, 0.3284163200498546, 25, 3
0.8714343539850518, 0.11018531435401871, 2, 3
0.6856481664872282, 0.3844768835797127, 22, 3
0.5935042443744786, 0.4157750894137011, 5, 3
0.7514002997790177, 0.34551507075944266, 34, 3
0.7148066805013116, 0.4807745360278221, 6, 3
0.795034475184724, 0.21838065731247108, 9, 3
0.8260018028995619, 0.3260219669423825, 15, 3
0.8064282788118569, 0.33247539477292315, 19, 3
0.8026072981541683, 0.20048265841182714, 11, 3
0.7229711260560369, 0.32667749019907333, 29, 3
0.5952238481070842, 0.5081841309254487, 5, 3
0.6869896584866589, 0.36225623320370515, 23, 3
0.4922363395262785, 0.5521305188884439, 1, 3
0.7704760617638116, 0.28419429485979003, 21, 3
0.8416078480674888, 0.3128836434800985, 13, 3
0.9064347421695179, 0.2453293015911363, 1, 3
0.7882035158390065, 0.37159710271196583, 5, 3
0.6175436071521332, 0.5216392793615278, 6, 3
0.6360504756543658, 0.355760582498567, 4, 3
0.7059750175899263, 0.2754826668405231, 6, 3
0.790671416147612, 0.42209234109589167, 5, 3
0.8879404360442309, 0.25212144338987236, 7, 3
0.7627599671697558, 0.15786584786962055, 2, 3
0.6448289751259382, 0.41976827406275674, 24, 3
0.737290295716875, 0.23751518121054105, 7, 3
0.7143795776781694, 0.44971076860755255, 12, 3
0.8013792929064749, 0.2519474952441419, 9, 3
0.9209537835798044, 0.1449017282856219, 2, 3
0.7626143266030239, 0.30714176476958077, 25, 3
0.6659560485721384, 0.3784497915481699, 17, 3
0.6692765286838106, 0.4048538585888926, 18, 3
0.8223729842010372, 0.21851992046442956, 13, 3
0.927820013609798, 0.262622117857488, 1, 3
0.7025262385523044, 0.5159212216988541, 1, 3
0.9461053302555705, 0.1536595879537189, 1, 3
0.6064089594289385, 0.43113280606671295, 6, 3
0.8452307305632266, 0.1565969719306225, 4, 3
0.6163128201237512, 0.46723742450395667, 12, 3
0.9323027358323672, 0.2056240515009509, 2, 3
0.9949868791838851, 0.17864254343943145, 1, 3
0.815293498269362, 0.3997353721194665, 2, 3
0.6958809178793012, 0.48565184225469576, 4, 3
0.8134356260686704, 0.30447752574513026, 25, 3
0.7222050350267829, 0.3444442237258731, 33, 3
0.8675410012737232, 0.1370892209597145, 5, 3
0.6826116531858247, 0.5463173756476516, 3, 3
0.881883351213607, 0.2116670355875675, 8, 3
0.8432490810529824, 0.35199168019591537, 5, 3
0.7142549860264851, 0.53412058539978, 2, 3
0.6224540176680173, 0.5015467083078625, 4, 3
0.5795949395343174, 0.45231155856194705, 6, 3
0.6363145314695756, 0.4677622381122372, 21, 3
0.7591836402665038, 0.38166166726396356, 21, 3
0.7979226165550977, 0.3106471006980862, 14, 3
0.8611892092465058, 0.3706136686530939, 4, 3
0.8663466801379679, 0.29469789329319207, 7, 3
0.7524547109406964, 0.29035148298887653, 23, 3
0.7994317521175985, 0.4029283831955861, 6, 3
0.820446782186931, 0.20107120898334102, 4, 3
0.7562414295288098, 0.23909343392483842, 9, 3
0.6962839754570376, 0.44085654525577195, 15, 3
0.6274665526579832, 0.5496869975617319, 3, 3
0.7469063015703215, 0.18332887029901093, 2, 3
0.7433145175591594, 0.4518713805599475, 6, 3
0.6968615128913805, 0.30963070534385034, 12, 3
0.9222965078440537, 0.22974946208917243, 2, 3
0.6956700152672757, 0.3287885749146957, 12, 3
0.6945121949985608, 0.34503150673460997, 11, 3
0.9207298152189418, 0.18708233283867368, 5, 3
0.5769441888328062, 0.4267525165222852, 5, 3
0.7409376221220945, 0.3585100755851054, 20, 3
0.6187448723931196, 0.4049890706988055, 6, 3
0.9386013281308558, 0.19007521445630796, 2, 3
0.7354806807140207, 0.43912327433913234, 7, 3
0.5984280765066116, 0.4624755926330179, 6, 3
0.8153291122876845, 0.36803540252884714, 6, 3
0.5769282903653744, 0.489622761347521, 5, 3
0.6793519569285109, 0.4719727209262558, 11, 3
0.8713735209946046, 0.2499476190322729, 6, 3
0.8036222527602805, 0.3566095442709077, 5, 3
0.662551473894857, 0.45273447315886434, 13, 3
0.6532283313244114, 0.2919842632640519, 1, 3
0.613690769419857, 0.48686504871529385, 3, 3
0.6571122128523635, 0.5664237267530674, 1, 3
0.7872136473396791, 0.14983510296840025, 1, 3
0.6904406865972359, 0.28242844964087704, 5, 3
0.5605563421729698, 0.5328632579600847, 2, 3
0.5697221141524395, 0.6385389153632219, 1, 3
0.8771415186823074, 0.19622487814472064, 6, 3
0.8080847373012768, 0.2305407036670876, 13, 3
0.7291128526927545, 0.4688745780586459, 3, 3
0.7830571373529526, 0.25396815159160907, 12, 3
0.6391910380593155, 0.3898410807466968, 9, 3
0.6472535388945427, 0.5115480806862076, 6, 3
0.6628361612129672, 0.4768093831154662, 15, 3
0.6495945620350727, 0.32140155160622924, 7, 3
0.7706916308301438, 0.42397945579526786, 7, 3
0.9922657249874949, 0.15577123470260076, 2, 3
0.9118442398206772, 0.26933215672596517, 1, 3
0.6548414036784411, 0.3974829345510852, 8, 3
0.8172678572210975, 0.34675379759534497, 6, 3
0.6725100847282547, 0.4938497841274456, 6, 3
0.7817307502836262, 0.4053425405477541, 7, 3
0.4892113767726382, 0.5098597935798161, 2, 3
0.7783957538716647, 0.21770233209977596, 8, 3
0.8278034268345048, 0.12940611173221173, 2, 3
0.8246839790512343, 0.16364579584412425, 1, 3
0.7826150124470953, 0.44139400202078405, 4, 3
0.7742119251990222, 0.35048440763799915, 18, 3
0.5555368284791036, 0.47484073539694976, 4, 3
0.9018838789762337, 0.2908062716666178, 2, 3
0.8046939585825469, 0.1679432264865736, 3, 3
0.7452318526579498, 0.20931704903614234, 3, 3
0.967813644721293, 0.23492995142772044, 1, 3
0.6986804610862452, 0.2286520651659635, 1, 3
0.5871181152544993, 0.3805755390447833, 3, 3
0.5922539251650003, 0.5422458839427879, 2, 3
0.5581024031652733, 0.40902750620081474, 1, 3
0.8988004704717735, 0.1428779040901477, 1, 3
0.6746229911640241, 0.5717485333015996, 1, 3
0.7558640438862453, 0.4430423690118363, 2, 3
0.8757853227324333, 0.22973990383405318, 7, 3
0.6701335479486443, 0.31800629497197114, 4, 3
0.5496128173490489, 0.440956388266344, 1, 3
0.902077974910592, 0.16157194695180288, 1, 3
0.848141455985528, 0.33567666310464583, 2, 3
0.6993843596878071, 0.3927267949091526, 13, 3
0.6114677609825672, 0.3873864558917685, 3, 3
0.6878907360254788, 0.4049940518947446, 14, 3
0.5406687582961502, 0.49553955557863877, 1, 3
0.6775772546505879, 0.2919627126218654, 5, 3
0.6323517034671534, 0.5310039672137931, 3, 3
0.5779621707083201, 0.5057795179272113, 2, 3
0.5414848288280422, 0.5112208618344157, 6, 3
0.902320169061169, 0.20600676633462434, 3, 3
0.7791397028415441, 0.2351762774358634, 8, 3
0.9061112336487925, 0.11965160523479523, 1, 3
0.7099934964672029, 0.4646773191927547, 3, 3
0.5108002740702803, 0.3818501653127583, 1, 3
0.6794496006156295, 0.22286550384384313, 1, 3
0.7012225456240747, 0.25002066673527623, 5, 3
0.6255627603019285, 0.30104131483967195, 1, 3
0.8776156706351768, 0.17096662556114298, 3, 3
0.947058402410641, 0.10913359332322208, 2, 3
0.7313375356403619, 0.5278316741492937, 2, 3
0.8905680040723812, 0.13014995757695694, 3, 3
0.6666628482912941, 0.25133401811110523, 2, 3
0.8820432440523872, 0.1522525721701778, 1, 3
0.6757896056697029, 0.33884367541117005, 5, 3
0.863423996324626, 0.324197198999684, 1, 3
0.8299645212859925, 0.381057876084018, 3, 3
0.618190016866394, 0.5982314888579933, 1, 3
0.6815103821057094, 0.5300977336132148, 1, 3
0.8711122891661336, 0.34090244344179355, 1, 3
0.8362167054325975, 0.41047821584923777, 2, 3
0.4745997556075879, 0.46170593152822165, 1, 3
0.8044348179567135, 0.44755582867627053, 1, 3
0.8602855532434043, 0.19042136692546574, 2, 3
0.6268226113439086, 0.3708376909419561, 3, 3
0.9747006828311532, 0.10657774285239259, 2, 3
0.7061213074502406, 0.1986090299302341, 1, 3
0.6520137205407652, 0.3530286795332148, 2, 3
0.7533906807318503, 0.5268551357936019, 1, 3
0.7499592796149427, 0.5020204870385974, 1, 3
0.8190290707525512, 0.1848138196462939, 1, 3
0.7117558574400793, 0.1655575736730085, 1, 3
0.5715572085659775, 0.5468928497879396, 2, 3
0.8445713897680325, 0.1736316602009077, 3, 3
0.6631955200275448, 0.2685784638484387, 1, 3
0.6269953938752796, 0.3199475640469005, 1, 3
0.6650173009874727, 0.5095533593131345, 3, 3
0.7742719062262079, 0.3889419433991344, 2, 3
0.7193515430209106, 0.2513784484157294, 2, 3
0.6047133536730972, 0.3347646210634381, 1, 3
0.8058913088267832, 0.14355944925130204, 1, 3
0.7047481747736417, 0.550395711354807, 1, 3
0.7892959430871858, 0.1306691893980793, 1, 3
0.560857669567845, 0.5640571687189627, 1, 3
0.7614038987874839, 0.48407127777670955, 1, 3
0.5163619154704641, 0.46721703986514684, 1, 3
0.5543675364557639, 0.45826958043124705, 1, 3
0.9795733218988701, 0.12335099390137749, 1, 3
0.5768104807949449, 0.5863948791056715, 1, 3
0.5228699844007378, 0.43598191139939374, 1, 3
0.630230573601813, 0.48664837033522035, 1, 3
0.7948646279968152, 0.38788988800124335, 1, 3
0.7659845223031034, 0.7725422970237368, 108, 4
0.7293869539474434, 0.7026927822431075, 119, 4
0.7384974676121254, 0.7225637228041738, 104, 4
0.7091168052176984, 0.6707549490216422, 95, 4
0.6696822575991858, 0.6020311642462283, 24, 4
0.6856251712834326, 0.6317695248348626, 25, 4
0.8073259423481286, 0.8423987228838314, 25, 4
0.7467722833867012, 0.735709604995152, 96, 4
0.7962678431567703, 0.8270340629437124, 32, 4
0.6770181266007491, 0.6123682383296234, 23, 4
0.778160019766538, 0.7949883911118997, 71, 4
0.6948237362278761, 0.6467313063351879, 52, 4
0.7732905190243028, 0.7857918147601566, 90, 4
0.7609908372342067, 0.762960167823144, 117, 4
0.7141275891172764, 0.6811675245264486, 86, 4
0.7856555151065197, 0.8111747365325779, 40, 4
0.8151718200911364, 0.8629244107751947, 12, 4
0.7483907134285347, 0.7451798636757224, 92, 4
0.8129800532174426, 0.8536054561370842, 18, 4
0.7032193774025972, 0.6585889779285294, 74, 4
0.8032459148466599, 0.8350176299043356, 29, 4
0.7327077205208334, 0.7152760383386632, 123, 4
0.7223730981739234, 0.6950158776222041, 91, 4
0.6819916620845027, 0.6225315294561488, 27, 4
0.7925176586305994, 0.8166902303369028, 31, 4
0.6614085699963628, 0.5843618377989028, 10, 4
0.6540090620195562, 0.571076010504851, 6, 4
0.7532266991828037, 0.7526112858989483, 107, 4
0.6912523622324005, 0.6382306099758454, 43, 4
0.6690230746189385, 0.5942845449582057, 9, 4
0.6482937463376758, 0.5607444498205788, 4, 4
0.8350780867417485, 0.8965946752080775, 2, 4
0.7412447507113636, 0.7297041816038999, 84, 4
0.8224629886506845, 0.8730468327661217, 8, 4
0.7182488712702954, 0.6879299597688288, 52, 4
0.7834548036944069, 0.8026414084988137, 51, 4
0.8293156692496548, 0.8909071284556549, 6, 4
0.6372257519797997, 0.5422339975209777, 2, 4
0.6429188208479281, 0.5486860685181961, 4, 4
0.6117446768619765, 0.49890902431047934, 1, 4
0.8444010990064519, 0.9141352991445266, 1, 4
0.6037789345843357, 0.48495755313558975, 2, 4
0.6295128174566988, 0.5258336047192519, 1, 4
0.6333816571994285, 0.5326166964926703, 1, 4
0.6556630874217475, 0.5789246801267206, 1, 4
0.82649816293544, 0.8821127245515351, 1, 4
